Rk,Name,Date,To Team,From Team,Age,WAR3,Yrs,G,AB,R,H,HR,RBI,SB,BB,BA,OBP,SLG,OPS,W,L,ERA,WHIP,G,GS,SV,IP,H,HR,BB,SO
1,Clay Hensley\henslcl01,2009-05-25,Florida Marlins,SDP,29,0.6,4,105,70,2,8,0,4,1,3,.114,.151,.143,.294,15,18,4.09,1.406,106,40,0,323.2,305,22,150,206
2,Jason Smith\smithja05,2009-05-10,Houston Astros,KCR,31,0.0,8,257,551,64,122,17,59,9,23,.221,.259,.377,.636,,,,,,,,,,,,
3,Joey Gathright\gathrjo01,2009-05-08,Baltimore Orioles,KCR,28,0.6,5,408,1145,168,301,1,96,78,94,.263,.328,.304,.631,,,,,,,,,,,,
4,Casey Fossum\fossuca01,2009-05-01,New York Yankees,DET,31,-1.5,8,43,46,3,4,0,0,0,1,.087,.106,.087,.193,40,53,5.47,1.514,234,120,2,782.0,869,114,315,604
5,David Newhan\newhada01,2009-05-01,Philadelphia Phillies,HOU,35,-1.0,8,413,986,148,249,23,120,29,80,.253,.312,.380,.692,,,,,,,,,,,,
6,Brendan Donnelly\donnebr01,2009-04-28,Houston Astros,CLE,37,0.7,7,23,1,0,0,0,0,0,0,.000,.000,.000,.000,26,9,3.12,1.209,318,0,4,329.1,278,28,120,318
7,Tony Armas\armasto02,2009-04-27,Atlanta Braves,NYM,31,-0.6,10,172,268,6,26,0,10,0,4,.097,.110,.112,.222,53,65,4.65,1.428,185,167,0,925.2,891,122,431,680
8,Nelson Figueroa\figuene01,2009-04-25,New York Mets,NYM,35,0.2,6,87,68,5,11,0,5,0,4,.162,.208,.176,.385,10,20,4.64,1.451,90,39,0,306.2,316,45,129,188
9,Brad Salmon\salmobr01,2009-04-22,Los Angeles Angels of Anaheim,KCR,29,0.3,1,,,,,,,,,,,,,,,,,,,,,,,,
10,Chris Burke\burkech01,2009-04-21,San Diego Padres,ARI,29,-0.9,5,445,1185,168,286,22,106,36,107,.241,.318,.363,.681,,,,,,,,,,,,
11,Andy Phillips\phillan01,2009-04-17,Chicago White Sox,CIN,32,0.4,5,259,557,77,139,14,70,3,34,.250,.294,.384,.679,,,,,,,,,,,,
12,Steve Green\greenst01,2009-04-15,Philadelphia Phillies,PHI,31,,7,,,,,,,,,,,,,,,,,,,,,,,,
13,Fernando Cortez\cortefe01,2009-04-14,Tampa Bay Rays,CHW,27,0.1,3,,,,,,,,,,,,,,,,,,,,,,,,
14,Chris George\georgch02,2009-04-14,Boston Red Sox,TOR,29,,7,,,,,,,,,,,,,,,,,,,,,,,,
15,Chris Michalak\michach01,2009-04-14,Toronto Blue Jays,OAK,38,0.5,10,,,,,,,,,,,,,,,,,,,,,,,,
16,Scott Podsednik\podsesc01,2009-04-14,Chicago White Sox,COL,33,0.1,8,750,2631,406,713,28,201,236,248,.271,.337,.374,.711,,,,,,,,,,,,
17,Ron Villone\villoro01,2009-04-10,Washington Nationals,STL,39,0.6,14,334,170,7,22,1,7,0,1,.129,.140,.176,.316,56,59,4.75,1.491,654,93,7,1119.1,1061,130,608,892
18,Tyler Walker\walkety01,2009-04-09,Philadelphia Phillies,SFG,33,0.5,6,198,10,0,0,0,0,0,1,.000,.091,.000,.091,20,17,4.52,1.428,230,1,34,229.0,234,28,93,186
19,Scott Thorman\thormsc01,2009-04-07,Texas Rangers,ATL,27,-1.0,2,,,,,,,,,,,,,,,,,,,,,,,,
20,Yorman Bazardo\bazaryo01,2009-04-06,Houston Astros,DET,24,0.4,3,2,1,0,0,0,0,0,0,.000,.000,.000,.000,2,1,5.72,1.518,15,2,0,28.1,31,2,12,20
21,Chris Barnwell\barnwch01,2009-04-05,Pittsburgh Pirates,FLA,30,-0.5,2,,,,,,,,,,,,,,,,,,,,,,,,
22,Gustavo Chacin\chacigu01,2009-04-05,Philadelphia Phillies,TOR,28,0.3,4,3,7,1,0,0,0,0,0,.000,.000,.000,.000,25,15,4.18,1.381,58,58,0,331.2,340,45,118,185
23,Ruben Gotay\gotayru01,2009-04-03,Arizona Diamondbacks,ATL,26,0.1,4,316,726,84,185,12,77,6,60,.255,.315,.371,.685,,,,,,,,,,,,
24,Erick Almonte\almoner01,2009-04-01,Milwaukee Brewers,DET,31,,2,39,104,17,28,1,11,3,8,.269,.327,.365,.693,,,,,,,,,,,,
25,Juan Lara\laraju01,2009-03-31,Cleveland Indians,CLE,28,0.1,2,,,,,,,,,,,,,,,,,,,,,,,,
26,Cedrick Bowers\bowerce01,2009-03-30,Philadelphia Phillies,COL,31,-0.3,1,5,0,1,0,0,0,0,1,,1.000,,,0,0,13.50,2.400,5,0,0,6.2,11,2,5,5
27,Will Ohman\ohmanwi01,2009-03-30,Los Angeles Dodgers,ATL,31,1.5,6,291,3,0,1,0,0,0,1,.333,.500,.333,.833,10,9,4.16,1.372,303,0,2,218.2,194,20,106,219
28,Eric Munson\munsoer01,2009-03-27,Oakland Athletics,MIL,31,-1.3,8,360,1055,97,226,49,147,4,104,.214,.289,.394,.683,,,,,,,,,,,,
29,Josh Bard\bardjo01,2009-03-21,Washington Nationals,SDP,31,3.3,7,431,1311,128,348,28,168,1,136,.265,.333,.395,.728,,,,,,,,,,,,
30,Chris Stewart\stewach01,2009-03-21,New York Yankees,NYY,27,-0.5,3,24,48,4,9,0,3,0,3,.188,.235,.229,.464,,,,,,,,,,,,
31,J.D. Durbin\durbijd01,2009-03-20,Los Angeles Dodgers,PHI,27,-0.4,4,,,,,,,,,,,,,,,,,,,,,,,,
32,Ivan Rodriguez HOF\rodriiv01,2009-03-20,Houston Astros,NYY,37,6.1,18,2267,8645,1253,2605,295,1217,124,469,.301,.339,.475,.814,,,,,,,,,,,,
33,Joe Beimel\beimejo01,2009-03-18,Washington Nationals,LAD,32,4.2,8,367,43,3,10,0,1,0,2,.233,.267,.256,.522,21,23,4.31,1.500,390,23,3,462.0,494,38,199,259
34,Sidney Ponson\ponsosi01,2009-03-17,Kansas City Royals,NYY,32,-1.0,11,37,65,4,9,0,1,0,3,.138,.176,.185,.361,90,106,4.95,1.474,284,269,1,1701.2,1925,217,584,999
35,Carmen Pignatiello\pignaca01,2009-03-14,Minnesota Twins,CHC,26,0.0,2,6,0,0,0,0,0,0,0,,,,,0,0,6.75,2.625,6,0,0,2.2,5,1,2,3
36,Chris Snelling\snellch02,2009-03-14,San Diego Padres,PHI,27,0.4,5,93,225,31,55,7,20,2,34,.244,.360,.400,.760,,,,,,,,,,,,
37,Damian Moss\mossda01,2009-03-13,Colorado Rockies,ATL,32,,7,,,,,,,,,,,,,,,,,,,,,,,,
38,Chad Cordero\cordech01,2009-03-12,Seattle Mariners,WSN,27,3.2,6,293,5,0,0,0,0,0,0,.000,.000,.000,.000,20,14,2.78,1.198,305,0,128,320.2,267,39,117,292
39,Julian Tavarez\tavarju01,2009-03-12,Washington Nationals,ATL,36,0.4,16,553,139,8,16,0,9,0,7,.115,.158,.115,.273,85,75,4.45,1.491,786,108,22,1369.1,1506,112,536,810
40,Kip Wells\wellski01,2009-03-11,Washington Nationals,KCR,32,-2.0,10,181,308,28,61,4,17,1,4,.198,.211,.276,.487,65,94,4.67,1.518,256,205,0,1228.1,1289,139,575,901
41,Levale Speigner\speigle01,2009-03-10,Florida Marlins,WSN,28,-1.7,2,24,4,0,0,0,0,0,1,.000,.200,.000,.200,2,4,9.19,2.083,26,6,0,48.0,71,5,29,20
42,Tim Raines\raineti02,2009-03-09,Chicago White Sox,ARI,29,,7,,,,,,,,,,,,,,,,,,,,,,,,
43,Tim Corcoran\corcoti02,2009-03-07,Los Angeles Dodgers,FLA,31,1.2,3,,,,,,,,,,,,,,,,,,,,,,,,
44,Orlando Cabrera\cabreor01,2009-03-06,Oakland Athletics,CHW,34,8.9,12,1572,5962,799,1632,105,684,184,433,.274,.322,.399,.721,,,,,,,,,,,,
45,Nomar Garciaparra\garcino01,2009-03-06,Oakland Athletics,LAD,35,1.7,13,1369,5426,910,1702,226,920,93,395,.314,.363,.525,.887,,,,,,,,,,,,
46,Rodrigo Lopez\lopezro02,2009-03-05,Philadelphia Phillies,ATL,33,0.5,7,24,42,1,2,0,0,0,1,.048,.070,.048,.117,65,65,4.80,1.405,187,161,0,1016.2,1113,144,315,674
47,Dennys Reyes\reyesde01,2009-03-05,St. Louis Cardinals,MIN,32,4.3,12,293,54,2,4,0,0,1,2,.074,.107,.093,.200,32,32,4.28,1.562,535,40,2,646.0,653,57,356,583
48,Manny Ramirez\ramirma02,2009-03-04,Los Angeles Dodgers,LAD,37,11.5,16,2103,7610,1444,2392,527,1725,37,1212,.314,.411,.593,1.004,,,,,,,,,,,,
49,Juan Cruz\cruzju02,2009-02-28,Kansas City Royals,ARI,30,3.5,8,264,70,2,8,0,2,0,4,.114,.162,.157,.319,29,31,4.00,1.383,297,38,1,515.0,446,53,266,535
50,Yamid Haad\haadya01,2009-02-27,Seattle Mariners,CLE,31,,9,,,,,,,,,,,,,,,,,,,,,,,,
51,Garret Anderson\anderga01,2009-02-24,Atlanta Braves,LAA,37,2.3,15,2013,7989,1024,2368,272,1292,78,397,.296,.327,.469,.796,,,,,,,,,,,,
52,Adam Greenberg\greenad01,2009-02-23,Cincinnati Reds,LAA,28,,1,1,0,0,0,0,0,0,0,,1.000,,,,,,,,,,,,,,
53,Doug Mientkiewicz\mientdo01,2009-02-23,Los Angeles Dodgers,PIT,35,4.7,11,1067,3294,422,893,66,402,14,437,.271,.360,.405,.765,,,,,,,,,,,,
54,Orlando Hudson\hudsoor01,2009-02-22,Los Angeles Dodgers,ARI,31,10.5,7,865,3119,419,879,68,372,42,302,.282,.346,.433,.779,,,,,,,,,,,,
55,Joe Crede\credejo01,2009-02-21,Minnesota Twins,CHW,31,7.6,9,798,2768,350,712,125,422,4,170,.257,.306,.447,.753,,,,,,,,,,,,
56,Tom Glavine HOF\glavito02,2009-02-20,Atlanta Braves,ATL,43,5.5,22,688,1323,93,246,1,90,1,101,.186,.244,.210,.454,305,203,3.54,1.314,682,682,0,4413.1,4298,356,1500,2607
57,Justin Huber\huberju01,2009-02-20,Minnesota Twins,SDP,26,0.0,4,71,159,14,35,2,15,1,9,.220,.273,.302,.575,,,,,,,,,,,,
58,Jason Isringhausen\isrinja01,2009-02-20,Tampa Bay Rays,STL,36,1.4,13,445,104,11,21,2,16,0,5,.202,.241,.317,.558,45,49,3.61,1.327,612,52,293,907.1,815,72,389,749
59,Luis Ayala\ayalalu01,2009-02-18,Minnesota Twins,NYM,31,-0.5,5,329,14,0,4,0,0,0,0,.286,.286,.357,.643,28,34,3.44,1.253,339,0,18,350.1,361,35,78,227
60,Ken Griffey Jr. HOF\griffke02,2009-02-18,Seattle Mariners,CHW,39,1.0,20,2521,9316,1612,2680,611,1772,184,1240,.288,.373,.547,.919,,,,,,,,,,,,
61,Emil Brown\brownem01,2009-02-17,San Diego Padres,OAK,34,2.0,9,736,2244,296,580,59,326,52,196,.258,.323,.398,.721,,,,,,,,,,,,
62,Eric Gagne\gagneer01,2009-02-17,Milwaukee Brewers,MIL,33,0.9,10,337,86,5,12,1,3,0,1,.140,.149,.221,.370,33,26,3.47,1.156,402,48,187,643.2,518,76,226,718
63,Ben Hendrickson\hendrbe01,2009-02-17,Minnesota Twins,TBR,28,-0.7,4,,,,,,,,,,,,,,,,,,,,,,,,
64,Mark McLemore\mclemma02,2009-02-16,Houston Astros,HOU,28,0.4,1,,,,,,,,,,,,,,,,,,,,,,,,
65,Jason Phillips\phillja04,2009-02-16,Seattle Mariners,ATL,32,-1.0,7,,,,,,,,,,,,,,,,,,,,,,,,
66,Brad Wilkerson\wilkebr01,2009-02-16,Boston Red Sox,TOR,32,0.2,8,972,3187,500,788,122,399,53,492,.247,.350,.440,.790,,,,,,,,,,,,
67,Miguel Cairo\cairomi01,2009-02-15,Philadelphia Phillies,SEA,35,1.2,13,1200,3316,426,881,27,318,128,204,.266,.315,.357,.672,,,,,,,,,,,,
68,Tony Graffanino\graffto01,2009-02-15,Cleveland Indians,CLE,37,4.1,12,974,2787,441,743,58,302,53,274,.267,.336,.396,.732,,,,,,,,,,,,
69,Glendon Rusch\ruschgl01,2009-02-15,Colorado Rockies,COL,34,-1.3,11,269,325,16,48,3,19,0,9,.148,.173,.188,.361,65,99,5.02,1.477,331,220,4,1458.2,1697,188,457,1075
70,Livan Hernandez\hernali01,2009-02-14,New York Mets,COL,34,2.7,13,354,808,58,188,9,75,0,6,.233,.241,.313,.554,147,139,4.37,1.442,382,381,0,2551.0,2806,296,873,1613
71,Jon Huber\huberjo01,2009-02-13,Detroit Tigers,SEA,27,0.9,2,,,,,,,,,,,,,,,,,,,,,,,,
72,Ramon Martinez\martira03,2009-02-13,New York Mets,NYM,36,-1.9,11,786,1910,222,505,29,238,9,169,.264,.324,.371,.695,,,,,,,,,,,,
73,Dave Matranga\matrada01,2009-02-13,Florida Marlins,KCR,32,,5,,,,,,,,,,,,,,,,,,,,,,,,
74,Brett Tomko\tomkobr01,2009-02-13,New York Yankees,SDP,36,-1.0,12,304,455,23,71,0,29,0,19,.156,.189,.176,.365,95,99,4.68,1.374,368,260,2,1741.0,1833,239,559,1162
75,Bobby Abreu\abreubo01,2009-02-12,Los Angeles Angels of Anaheim,NYY,35,9.0,13,1799,6490,1174,1946,241,1084,318,1160,.300,.405,.498,.902,,,,,,,,,,,,
76,Kurt Birkins\birkiku01,2009-02-12,Colorado Rockies,TBR,28,-0.4,3,4,0,0,0,0,0,0,0,,,,,6,4,5.85,1.553,60,2,0,75.1,82,7,35,64
77,Ben Broussard\brousbe01,2009-02-12,Chicago White Sox,NYY,32,-0.3,7,705,2136,275,561,87,314,15,171,.263,.324,.450,.775,,,,,,,,,,,,
78,Braden Looper\loopebr01,2009-02-12,Milwaukee Brewers,STL,34,3.4,11,614,126,12,28,0,10,0,8,.222,.274,.286,.560,58,58,3.93,1.350,636,63,103,981.1,1016,93,309,569
79,JD Closser\clossjd01,2009-02-11,Los Angeles Dodgers,SDP,29,-0.2,4,,,,,,,,,,,,,,,,,,,,,,,,
80,Adam Dunn\dunnad01,2009-02-11,Washington Nationals,ARI,29,2.6,8,1131,3871,699,955,278,672,59,797,.247,.381,.518,.900,,,,,,,,,,,,
81,Randy Flores\florera01,2009-02-11,Colorado Rockies,STL,33,-1.1,6,232,8,0,0,0,0,0,0,.000,.000,.000,.000,9,4,4.78,1.609,265,3,4,207.0,244,21,89,168
82,John-Ford Griffin\griffjo01,2009-02-11,Los Angeles Dodgers,LAD,29,0.2,3,,,,,,,,,,,,,,,,,,,,,,,,
83,Kevin Millar\millake01,2009-02-11,Toronto Blue Jays,BAL,37,2.2,11,1349,4437,619,1228,163,670,7,533,.277,.361,.457,.818,,,,,,,,,,,,
84,Chris Roberson\roberch02,2009-02-11,Arizona Diamondbacks,BAL,29,0.0,2,,,,,,,,,,,,,,,,,,,,,,,,
85,Jonah Bayliss\baylijo01,2009-02-10,Toronto Blue Jays,TOR,28,-1.3,3,,,,,,,,,,,,,,,,,,,,,,,,
86,Sal Fasano\fasansa01,2009-02-10,Colorado Rockies,CLE,37,-0.4,11,427,1109,136,245,47,140,2,72,.221,.295,.392,.687,,,,,,,,,,,,
87,Charlie Haeger\haegech01,2009-02-10,Los Angeles Dodgers,SDP,25,-0.4,3,4,1,0,1,0,0,0,0,1.000,1.000,1.000,2.000,1,2,6.35,1.853,19,1,1,34.0,37,5,26,24
88,Eric Milton\miltoer01,2009-02-10,Los Angeles Dodgers,NYY,33,1.7,10,107,197,20,36,2,16,0,10,.183,.220,.249,.469,87,84,5.01,1.336,266,265,0,1558.2,1635,265,447,1107
89,Brian Shouse\shousbr01,2009-02-10,Tampa Bay Rays,MIL,40,2.5,9,206,0,0,0,0,0,0,0,,,,,12,9,3.65,1.323,422,0,6,322.2,316,26,111,216
90,Tanyon Sturtze\sturtta01,2009-02-10,Los Angeles Dodgers,LAD,38,-0.2,12,29,16,0,1,0,0,0,0,.063,.063,.063,.125,40,44,5.19,1.529,272,84,3,797.0,886,110,333,480
91,Brandon Watson\watsobr01,2009-02-10,Arizona Diamondbacks,PHI,27,-0.4,3,,,,,,,,,,,,,,,,,,,,,,,,
92,Ty Wigginton\wiggity01,2009-02-10,Baltimore Orioles,HOU,31,4.8,7,784,2715,350,734,110,384,32,218,.270,.330,.460,.790,,,,,,,,,,,,
93,Jamey Wright\wrighja01,2009-02-10,Kansas City Royals,TEX,34,1.0,13,255,436,26,64,1,17,0,12,.147,.170,.193,.362,79,110,5.06,1.585,355,246,0,1623.0,1774,174,799,880
94,Rich Aurilia\aurilri01,2009-02-09,San Francisco Giants,SFG,37,1.0,14,1592,5599,735,1550,184,740,23,442,.277,.330,.437,.767,,,,,,,,,,,,
95,Morgan Ensberg\ensbemo01,2009-02-09,Tampa Bay Rays,CLE,33,2.4,8,731,2204,340,579,110,347,22,332,.263,.362,.468,.830,,,,,,,,,,,,
96,Edgar Gonzalez\gonzaed01,2009-02-09,Oakland Athletics,ARI,26,0.5,6,77,61,1,9,0,2,0,0,.148,.161,.164,.325,14,21,5.97,1.552,80,35,0,257.2,315,52,85,168
97,Nick Gorneault\gorneni01,2009-02-09,Toronto Blue Jays,HOU,30,0.0,1,,,,,,,,,,,,,,,,,,,,,,,,
98,Drew Meyer\meyerdr01,2009-02-09,Houston Astros,TEX,27,-0.3,2,,,,,,,,,,,,,,,,,,,,,,,,
99,Jeff Weaver\weaveje01,2009-02-09,Los Angeles Dodgers,CLE,32,-1.3,9,101,190,13,39,0,13,0,6,.205,.234,.247,.481,93,114,4.72,1.356,284,267,2,1714.2,1862,215,463,1124
100,Dee Brown\brownde02,2009-02-07,Los Angeles Dodgers,LAA,31,0.0,10,,,,,,,,,,,,,,,,,,,,,,,,
101,Nate Field\fieldna01,2009-02-06,Florida Marlins,NYM,33,0.1,6,,,,,,,,,,,,,,,,,,,,,,,,
102,Tom Gordon\gordoto01,2009-02-06,Arizona Diamondbacks,PHI,41,1.1,20,236,2,0,0,0,0,0,0,.000,.000,.000,.000,138,125,3.94,1.358,887,203,158,2106.1,1886,176,974,1928
103,Jason Jennings\jennija01,2009-02-06,Texas Rangers,TEX,30,3.4,8,173,328,18,68,2,26,0,19,.207,.252,.268,.520,60,70,5.00,1.558,181,180,0,1067.1,1186,130,477,705
104,Ruddy Lugo\lugoru01,2009-02-06,Detroit Tigers,NYM,29,1.3,2,,,,,,,,,,,,,,,,,,,,,,,,
105,Sean Tracey\tracese01,2009-02-06,Los Angeles Angels of Anaheim,BAL,28,0.2,2,,,,,,,,,,,,,,,,,,,,,,,,
106,Jason Varitek\varitja01,2009-02-06,Boston Red Sox,BOS,37,3.6,12,1330,4401,573,1156,161,654,25,529,.263,.346,.439,.785,,,,,,,,,,,,
107,Randy Wolf\wolfra02,2009-02-06,Los Angeles Dodgers,HOU,32,2.6,10,243,441,41,81,4,38,0,29,.184,.232,.261,.492,90,78,4.26,1.347,245,241,0,1468.0,1430,188,547,1227
108,Elmer Dessens\desseel01,2009-02-05,New York Mets,ATL,38,-1.4,12,314,240,14,39,0,16,0,22,.163,.233,.188,.420,48,62,4.56,1.422,360,140,5,1094.2,1235,136,322,663
109,Eddie Guardado\guarded01,2009-02-05,Texas Rangers,MIN,38,0.8,16,73,1,0,0,0,0,0,0,.000,.000,.000,.000,45,59,4.30,1.311,860,25,187,906.1,855,130,333,778
110,Tyler Johnson\johnsty01,2009-02-05,Seattle Mariners,STL,28,0.2,3,,,,,,,,,,,,,,,,,,,,,,,,
111,Odalis Perez\perezod01,2009-02-05,Washington Nationals,WSN,31,0.4,10,209,340,25,45,1,12,0,6,.132,.150,.171,.320,73,82,4.46,1.346,252,221,0,1335.0,1409,162,388,920
112,Daryle Ward\wardda01,2009-02-05,Cincinnati Reds,CHC,34,1.1,11,948,2234,242,588,90,379,1,192,.263,.320,.447,.768,,,,,,,,,,,,
113,Bryan Corey\coreybr01,2009-02-04,Texas Rangers,SDP,35,0.0,5,42,0,0,0,0,0,0,0,,,,,4,4,5.13,1.353,91,0,0,98.1,100,10,33,57
114,Travis Dawkins\dawkitr01,2009-02-04,Chicago White Sox,KCR,30,,9,,,,,,,,,,,,,,,,,,,,,,,,
115,Cliff Floyd\floydcl01,2009-02-04,San Diego Padres,TBR,36,0.6,16,1611,5303,824,1477,233,865,148,600,.279,.359,.483,.842,,,,,,,,,,,,
116,John Parrish\parrijo01,2009-02-04,Baltimore Orioles,TOR,31,0.2,7,17,1,0,0,0,0,0,0,.000,.000,.000,.000,13,13,4.54,1.693,174,16,1,271.2,276,25,184,221
117,Vinnie Chulk\chulkvi01,2009-02-03,Cleveland Indians,SFG,30,0.6,6,119,4,0,1,0,0,0,0,.250,.250,.250,.500,7,14,4.36,1.373,244,0,2,264.1,265,30,98,185
118,Humberto Cota\cotahu01,2009-02-03,Cincinnati Reds,COL,30,-0.7,7,,,,,,,,,,,,,,,,,,,,,,,,
119,Javier Valentin\valenja01,2009-02-03,Washington Nationals,CIN,33,-0.1,10,631,1507,154,379,45,210,0,131,.251,.310,.402,.712,,,,,,,,,,,,
120,Oliver Perez\perezol01,2009-02-02,New York Mets,NYM,27,1.9,7,170,310,12,47,0,14,3,12,.152,.182,.155,.337,55,60,4.39,1.425,175,174,0,999.1,896,146,528,1027
121,Paul Bako\bakopa01,2009-02-01,Chicago Cubs,CIN,37,-1.6,11,745,2086,183,482,21,186,4,220,.231,.305,.317,.621,,,,,,,,,,,,
122,Matt Belisle\belisma01,2009-02-01,Colorado Rockies,CIN,29,0.5,5,130,71,2,5,0,1,1,3,.070,.108,.085,.193,16,22,5.06,1.490,132,43,1,341.2,413,47,96,230
123,Josh Fogg\foggjo01,2009-01-30,Colorado Rockies,CIN,32,-0.9,8,204,326,21,39,0,11,1,12,.120,.153,.132,.285,62,67,5.08,1.471,219,193,0,1113.1,1261,158,377,600
124,Eric Hinske\hinsker01,2009-01-30,Pittsburgh Pirates,TBR,31,2.1,7,903,2906,445,739,105,399,60,346,.254,.335,.438,.774,,,,,,,,,,,,
125,Scott Munter\muntesc01,2009-01-30,Colorado Rockies,SFG,29,-0.7,3,,,,,,,,,,,,,,,,,,,,,,,,
126,Valerio De Los Santos\delosva01,2009-01-29,New York Mets,COL,36,-0.1,9,207,12,0,0,0,0,0,1,.000,.077,.000,.077,9,13,4.57,1.375,235,4,1,256.0,225,37,127,207
127,Matt DeSalvo\desalma01,2009-01-29,New York Mets,ATL,28,-0.4,2,2,0,0,0,0,0,0,0,,,,,1,3,7.89,2.191,9,6,0,29.2,45,2,20,12
128,Bobby Kielty\kieltbo01,2009-01-29,New York Mets,MIN,32,1.4,7,,,,,,,,,,,,,,,,,,,,,,,,
129,George Lombard\lombage01,2009-01-29,Cleveland Indians,FLA,33,0.2,10,,,,,,,,,,,,,,,,,,,,,,,,
130,Russ Springer\sprinru01,2009-01-29,Oakland Athletics,STL,40,3.8,16,574,27,1,2,0,0,0,0,.074,.074,.074,.148,35,41,4.55,1.361,664,27,8,797.2,754,112,332,716
131,Juan Uribe\uribeju01,2009-01-29,San Francisco Giants,CHW,30,1.1,8,986,3438,432,870,111,459,35,194,.253,.295,.423,.718,,,,,,,,,,,,
132,Kiko Calero\calerki01,2009-01-28,Florida Marlins,TEX,34,0.8,6,71,6,1,1,0,1,0,0,.167,.167,.167,.333,12,10,3.56,1.220,246,1,7,242.2,200,23,96,255
133,Alex Cintron\cintral01,2009-01-28,Washington Nationals,BAL,30,-3.8,8,659,2030,243,563,33,222,18,110,.277,.315,.398,.713,,,,,,,,,,,,
134,Jon Garland\garlajo01,2009-01-28,Arizona Diamondbacks,LAA,29,8.5,9,16,19,2,3,1,4,0,2,.158,.238,.316,.554,106,89,4.47,1.385,278,255,1,1625.1,1719,205,532,851
135,Nick Regilio\regilni01,2009-01-28,Detroit Tigers,HOU,30,,4,,,,,,,,,,,,,,,,,,,,,,,,
136,Mike Sweeney\sweenmi01,2009-01-28,Seattle Mariners,OAK,35,0.6,14,1324,4795,713,1434,199,849,50,491,.299,.368,.489,.858,,,,,,,,,,,,
137,Fernando Cabrera\cabrefe01,2009-01-27,Boston Red Sox,BAL,27,-0.7,5,5,0,0,0,0,0,0,0,,,,,8,7,5.02,1.506,125,0,1,168.2,162,31,92,185
138,Carlos Maldonado\maldoca03,2009-01-27,Boston Red Sox,PIT,30,-0.3,2,21,43,2,7,2,4,1,6,.163,.260,.326,.586,,,,,,,,,,,,
139,Ivan Ochoa\ochoaiv01,2009-01-27,Boston Red Sox,SFG,26,-1.0,1,47,120,7,24,0,3,0,4,.200,.244,.267,.511,,,,,,,,,,,,
140,Timo Perez\perezti01,2009-01-26,Detroit Tigers,DET,34,0.3,8,,,,,,,,,,,,,,,,,,,,,,,,
141,Andy Pettitte\pettian01,2009-01-26,New York Yankees,NYY,37,7.6,14,100,181,5,24,1,12,0,6,.133,.160,.177,.336,215,127,3.89,1.360,436,426,0,2731.2,2869,230,845,2002
142,Kyle Snyder\snydeky01,2009-01-26,New York Mets,BOS,31,-0.3,5,4,2,0,0,0,0,0,0,.000,.000,.000,.000,8,17,5.57,1.548,93,29,0,237.2,283,34,85,157
143,Jon Switzer\switzjo01,2009-01-26,New York Mets,BOS,29,-0.1,4,3,0,0,0,0,0,0,0,,,,,2,4,6.11,1.794,68,0,0,66.1,83,9,36,43
144,Omar Vizquel\vizquom01,2009-01-26,Texas Rangers,SFG,42,3.1,20,2680,9745,1361,2657,77,892,385,965,.273,.338,.355,.693,,,,,,,,,,,,
145,Chip Ambres\ambrech01,2009-01-24,Boston Red Sox,SDP,29,0.2,3,80,189,28,44,4,10,4,23,.233,.321,.344,.665,,,,,,,,,,,,
146,Craig Counsell\counscr01,2009-01-23,Milwaukee Brewers,MIL,38,4.7,13,1285,3976,551,1014,35,321,97,506,.255,.343,.344,.687,,,,,,,,,,,,
147,Jason Davis\davisja02,2009-01-23,Pittsburgh Pirates,PIT,29,-0.2,7,24,17,1,1,1,1,0,0,.059,.059,.235,.294,22,26,4.82,1.521,144,56,1,461.0,523,50,178,269
148,Hector Gimenez\gimenhe01,2009-01-23,Pittsburgh Pirates,TBR,26,-0.1,1,2,2,0,0,0,0,0,0,.000,.000,.000,.000,,,,,,,,,,,,
149,Rob Mackowiak\mackoro01,2009-01-23,New York Mets,CIN,33,0.5,8,856,2328,307,603,64,286,49,227,.259,.332,.405,.736,,,,,,,,,,,,
150,Alvin Colina\colinal01,2009-01-22,Atlanta Braves,CIN,27,-0.1,2,,,,,,,,,,,,,,,,,,,,,,,,
151,Jose Diaz\diazjo01,2009-01-22,Los Angeles Dodgers,TEX,29,-0.3,2,0,0,0,0,0,0,0,0,,,,,0,0,9.39,2.609,5,0,0,7.2,11,2,9,5
152,Freddy Garcia\garcifr03,2009-01-22,New York Mets,DET,32,4.0,10,27,58,1,12,0,4,0,2,.207,.230,.241,.471,118,77,4.07,1.295,266,265,0,1716.2,1669,206,554,1264
153,Gary Glover\glovega01,2009-01-22,Washington Nationals,DET,32,0.5,8,33,28,3,2,0,1,0,2,.071,.161,.071,.233,29,26,5.03,1.428,263,47,3,516.2,554,74,184,324
154,Damon Hollins\hollida02,2009-01-22,Philadelphia Phillies,KCR,35,-0.1,10,,,,,,,,,,,,,,,,,,,,,,,,
155,Brandon Lyon\lyonbr01,2009-01-22,Detroit Tigers,ARI,29,3.3,7,233,0,1,0,0,0,0,1,,1.000,,,21,29,4.46,1.421,309,21,51,416.0,471,48,120,262
156,Juan Perez\perezju01,2009-01-22,Atlanta Braves,PIT,30,0.0,2,24,0,0,0,0,0,0,0,,,,,0,1,5.17,1.787,24,0,0,15.2,19,3,9,13
157,Bronson Sardinha\sardibr01,2009-01-22,Detroit Tigers,CLE,26,0.0,1,,,,,,,,,,,,,,,,,,,,,,,,
158,Jorge Velandia\velanjo01,2009-01-22,Philadelphia Phillies,TBR,34,1.0,8,174,244,21,46,2,23,2,26,.189,.274,.270,.544,,,,,,,,,,,,
159,Gregg Zaun\zaungr01,2009-01-22,Baltimore Orioles,TOR,38,4.9,14,1114,3125,392,783,78,405,23,437,.251,.344,.386,.729,,,,,,,,,,,,
160,Brad Ausmus\ausmubr01,2009-01-21,Los Angeles Dodgers,HOU,40,-0.7,16,1914,6121,705,1537,79,596,101,622,.251,.325,.344,.669,,,,,,,,,,,,
161,Henry Blanco\blanche01,2009-01-21,San Diego Padres,CHC,37,0.0,11,746,2129,214,483,52,241,4,188,.227,.289,.364,.654,,,,,,,,,,,,
162,Ty Taubenheim\taubety01,2009-01-21,Pittsburgh Pirates,PIT,26,0.2,3,4,5,0,2,0,1,0,0,.400,.400,.600,1.000,1,5,5.09,1.674,14,9,0,46.0,52,6,25,34
163,Luke Carlin\carlilu01,2009-01-20,Arizona Diamondbacks,SDP,28,0.1,1,36,94,12,14,1,6,0,10,.149,.238,.234,.472,,,,,,,,,,,,
164,Jason Dubois\duboija01,2009-01-20,Chicago Cubs,CHC,30,,4,,,,,,,,,,,,,,,,,,,,,,,,
165,Brandon Fahey\faheybr01,2009-01-20,Toronto Blue Jays,BAL,28,-0.8,3,189,411,54,92,2,36,5,28,.224,.279,.307,.586,,,,,,,,,,,,
166,Juan Rincon\rincoju01,2009-01-20,Detroit Tigers,CLE,30,0.1,8,22,2,0,1,0,0,0,0,.500,.500,.500,1.000,31,27,3.80,1.362,409,3,3,468.1,448,37,190,431
167,Luis Rivas\rivaslu01,2009-01-20,Chicago Cubs,PIT,29,-0.6,8,648,2101,286,541,34,201,81,126,.257,.303,.377,.681,,,,,,,,,,,,
168,Cory Sullivan\sullico01,2009-01-20,New York Mets,COL,29,-0.2,4,355,927,133,259,8,78,25,69,.279,.330,.391,.721,,,,,,,,,,,,
169,Jonny Gomes\gomesjo01,2009-01-19,Cincinnati Reds,TBR,28,-0.7,6,415,1264,186,297,66,184,30,151,.235,.329,.455,.784,,,,,,,,,,,,
170,Mark Kiger\kigerma01,2009-01-19,New York Mets,SEA,29,,2,,,,,,,,,,,,,,,,,,,,,,,,
171,Howie Clark\clarkho02,2009-01-16,Toronto Blue Jays,MIN,35,0.0,6,134,302,36,79,3,26,1,28,.262,.329,.358,.687,,,,,,,,,,,,
172,Lance Cormier\cormila01,2009-01-16,Tampa Bay Rays,BAL,28,-0.6,5,125,46,1,5,0,2,0,2,.109,.146,.130,.276,17,21,5.53,1.695,168,24,1,315.2,372,48,163,203
173,Alexis Gomez\gomezal01,2009-01-16,Detroit Tigers,FLA,30,0.3,6,,,,,,,,,,,,,,,,,,,,,,,,
174,Chris Gomez\gomezch02,2009-01-16,Baltimore Orioles,PIT,38,0.8,16,1515,4604,517,1206,60,487,35,408,.262,.325,.360,.685,,,,,,,,,,,,
175,Josh Hall\halljo03,2009-01-16,Colorado Rockies,COL,28,,5,,,,,,,,,,,,,,,,,,,,,,,,
176,Matt Herges\hergema01,2009-01-16,Cleveland Indians,COL,39,1.1,10,513,36,0,6,0,1,0,1,.167,.189,.167,.356,40,34,3.94,1.447,537,4,34,656.1,701,61,249,447
177,Don Kelly\kellydo01,2009-01-16,Detroit Tigers,ARI,29,-0.5,1,25,27,2,4,0,0,0,3,.148,.281,.148,.429,,,,,,,,,,,,
178,Bobby Livingston\livinbo01,2009-01-16,Baltimore Orioles,CIN,26,0.2,2,,,,,,,,,,,,,,,,,,,,,,,,
179,Adam Melhuse\melhuad01,2009-01-16,Texas Rangers,COL,37,-0.3,8,311,735,76,172,24,98,1,57,.234,.290,.389,.679,,,,,,,,,,,,
180,Jason Miller\milleja03,2009-01-16,Detroit Tigers,MIN,26,-0.3,1,,,,,,,,,,,,,,,,,,,,,,,,
181,Pablo Ozuna\ozunapa01,2009-01-16,Philadelphia Phillies,LAD,34,-1.6,7,309,677,83,191,3,45,29,23,.282,.318,.359,.677,,,,,,,,,,,,
182,Argenis Reyes\reyesar01,2009-01-16,New York Mets,NYM,26,0.0,1,49,110,13,24,1,3,2,4,.218,.259,.245,.504,,,,,,,,,,,,
183,Matt Smith\smithma04,2009-01-16,Chicago Cubs,PHI,30,0.6,2,,,,,,,,,,,,,,,,,,,,,,,,
184,Jason Tyner\tynerja01,2009-01-16,Houston Astros,CHW,32,1.8,8,440,1358,168,373,1,94,61,68,.275,.314,.323,.637,,,,,,,,,,,,
185,Mike Burns\burnsmi01,2009-01-15,Milwaukee Brewers,CHC,30,-0.2,2,36,0,0,0,0,0,0,0,,,,,0,0,5.88,1.558,45,0,0,52.0,69,8,12,36
186,Jesus Colome\colomje01,2009-01-15,Washington Nationals,WSN,31,0.9,8,128,2,0,0,0,0,0,0,.000,.000,.000,.000,18,25,4.50,1.485,308,0,6,388.0,369,46,207,299
187,David Eckstein\eckstda01,2009-01-15,San Diego Padres,ARI,34,2.6,8,1059,4096,588,1165,32,312,112,310,.284,.351,.361,.712,,,,,,,,,,,,
188,Matt Ginter\gintema01,2009-01-15,Milwaukee Brewers,CLE,31,0.1,7,15,14,1,3,0,1,0,2,.214,.313,.286,.598,5,7,5.43,1.483,96,19,1,232.0,269,31,75,132
189,So Taguchi\tagucso01,2009-01-15,Chicago Cubs,PHI,39,0.4,7,666,1358,196,379,19,163,39,101,.279,.332,.385,.717,,,,,,,,,,,,
190,Jake Woods\woodsja01,2009-01-15,Philadelphia Phillies,SEA,27,0.8,4,6,0,0,0,0,0,0,0,,,,,8,5,4.60,1.571,84,8,1,162.1,176,25,79,99
191,Jose Capellan\capeljo01,2009-01-14,Houston Astros,KCR,28,-0.1,5,85,5,0,0,0,0,0,0,.000,.000,.000,.000,5,7,4.89,1.435,99,2,0,123.1,127,21,50,98
192,Bartolo Colon\colonba01,2009-01-14,Chicago White Sox,BOS,36,-1.0,12,38,85,1,10,0,5,0,0,.118,.126,.118,.244,150,97,4.09,1.334,316,313,0,2014.1,1999,243,689,1569
193,Toby Hall\hallto02,2009-01-14,Houston Astros,CHW,33,-1.6,9,686,2350,211,616,46,269,2,104,.262,.297,.374,.671,,,,,,,,,,,,
194,Guillermo Mota\motagu01,2009-01-14,Los Angeles Dodgers,MIL,35,-0.1,10,491,34,4,7,2,6,0,0,.206,.206,.412,.618,33,35,3.93,1.276,548,0,8,636.1,565,67,247,518
195,Daniel Ortmeier\ortmeda01,2009-01-14,Colorado Rockies,SFG,28,-0.4,4,124,255,25,65,6,24,5,17,.255,.309,.412,.721,,,,,,,,,,,,
196,Chad Paronto\paronch01,2009-01-14,Houston Astros,HOU,33,1.2,6,113,3,0,0,0,0,0,0,.000,.000,.000,.000,6,12,4.02,1.415,171,0,1,176.2,185,17,65,104
197,Alex Cora\coraal01,2009-01-13,New York Mets,BOS,33,1.7,11,1034,2805,303,688,34,242,33,201,.245,.313,.348,.660,,,,,,,,,,,,
198,Derek Lowe\lowede01,2009-01-13,Atlanta Braves,LAD,36,11.4,12,157,273,14,34,0,14,1,16,.125,.172,.143,.315,126,107,3.75,1.268,533,255,85,1940.1,1915,156,546,1275
199,Matt Palmer\palmema01,2009-01-13,Los Angeles Angels of Anaheim,SFG,30,-0.3,1,3,4,0,1,0,0,0,1,.250,.400,.250,.650,0,2,8.53,2.368,3,3,0,12.2,17,1,13,3
200,Mark Prior\priorma01,2009-01-13,San Diego Padres,SDP,28,-1.0,6,,,,,,,,,,,,,,,,,,,,,,,,
201,Kirk Saarloos\saarlki01,2009-01-13,Cleveland Indians,OAK,30,-0.3,7,83,41,1,3,0,5,0,1,.073,.095,.122,.217,29,30,5.02,1.528,165,73,2,509.0,592,60,186,251
202,Jolbert Cabrera\cabrejo02,2009-01-12,Baltimore Orioles,CIN,36,0.3,8,609,1406,189,362,18,157,38,73,.257,.306,.365,.670,,,,,,,,,,,,
203,Jay Gibbons\gibboja01,2009-01-12,Florida Marlins,MIL,32,-0.7,7,779,2787,348,724,121,405,2,215,.260,.314,.453,.768,,,,,,,,,,,,
204,Robby Hammock\hammoro01,2009-01-12,Baltimore Orioles,ARI,32,-0.1,5,180,479,62,122,12,48,6,38,.255,.313,.409,.722,,,,,,,,,,,,
205,Gabe Kapler\kaplega01,2009-01-12,Tampa Bay Rays,MIL,33,2.5,10,946,2654,398,724,72,340,71,229,.273,.331,.425,.756,,,,,,,,,,,,
206,Josh Kroeger\kroegjo01,2009-01-12,Chicago White Sox,CHC,26,,4,,,,,,,,,,,,,,,,,,,,,,,,
207,Tim Redding\redditi01,2009-01-12,New York Mets,WSN,31,2.4,7,145,196,8,29,0,10,0,7,.148,.177,.173,.351,34,51,4.92,1.501,149,127,0,702.1,767,96,287,476
208,John Smoltz HOF\smoltjo01,2009-01-12,Boston Red Sox,ATL,42,10.8,20,701,933,76,150,5,61,3,78,.161,.228,.209,.437,210,147,3.26,1.170,708,466,154,3395.0,2979,277,992,3011
209,Jason Anderson\anderja01,2009-01-11,Philadelphia Phillies,PHI,30,,5,,,,,,,,,,,,,,,,,,,,,,,,
210,Jack Cassel\casseja01,2009-01-11,Cleveland Indians,HOU,28,0.0,2,15,17,2,3,0,1,0,0,.176,.176,.176,.353,2,2,4.92,1.528,15,7,0,53.0,68,6,13,25
211,Angel Chavez\chavean02,2009-01-11,Boston Red Sox,LAD,27,,3,,,,,,,,,,,,,,,,,,,,,,,,
212,Justin Christian\chrisju01,2009-01-11,Baltimore Orioles,NYY,29,-0.2,1,24,40,6,10,0,6,7,3,.250,.302,.325,.627,,,,,,,,,,,,
213,Mike Gosling\goslimi01,2009-01-11,Minnesota Twins,TOR,28,-0.3,4,42,17,0,0,0,0,0,1,.000,.056,.000,.056,3,4,4.79,1.848,43,9,0,92.0,109,13,61,61
214,Nathan Haynes\haynena01,2009-01-11,Texas Rangers,TBR,29,-0.7,2,60,89,13,22,0,4,5,6,.247,.295,.270,.564,,,,,,,,,,,,
215,Steve Randolph\randost01,2009-01-11,Los Angeles Dodgers,PHI,35,-0.8,5,,,,,,,,,,,,,,,,,,,,,,,,
216,Tommy Watkins\watkito01,2009-01-11,Minnesota Twins,MIN,29,0.4,1,,,,,,,,,,,,,,,,,,,,,,,,
217,Bill White\whitebi04,2009-01-11,Chicago Cubs,TEX,30,-0.4,2,0,0,0,0,0,0,0,0,,,,,2,0,9.45,2.475,17,0,0,13.1,15,2,18,10
218,Takashi Saito\saitota01,2009-01-10,Boston Red Sox,LAD,39,8.1,3,172,1,0,0,0,0,0,0,.000,.000,.000,.000,12,7,1.95,0.912,180,0,81,189.2,121,9,52,245
219,Willie Bloomquist\bloomwi01,2009-01-09,Kansas City Royals,SEA,31,2.0,7,540,1255,191,330,6,98,71,104,.263,.322,.324,.645,,,,,,,,,,,,
220,Milton Bradley\bradlmi01,2009-01-09,Chicago Cubs,TEX,31,9.1,9,817,2867,440,803,103,399,74,389,.280,.370,.457,.827,,,,,,,,,,,,
221,Shawn Estes\estessh01,2009-01-09,Los Angeles Dodgers,SDP,36,0.0,13,296,498,50,79,4,28,1,15,.159,.187,.221,.408,101,93,4.71,1.529,283,281,0,1678.1,1708,158,858,1210
222,Mark Kotsay\kotsama01,2009-01-09,Boston Red Sox,BOS,33,0.6,12,1450,5419,709,1524,109,609,91,462,.281,.337,.414,.751,,,,,,,,,,,,
223,Brandon Medders\meddebr01,2009-01-09,San Francisco Giants,ARI,29,0.8,4,131,3,0,0,0,0,0,0,.000,.000,.000,.000,11,6,3.52,1.391,135,0,0,151.0,144,18,66,109
224,Andres Torres\torrean02,2009-01-09,San Francisco Giants,CHC,31,,4,89,257,33,54,1,13,9,17,.210,.258,.276,.534,,,,,,,,,,,,
225,Rocco Baldelli\baldero01,2009-01-08,Boston Red Sox,TBR,27,3.7,5,447,1736,255,488,52,234,58,90,.281,.325,.445,.769,,,,,,,,,,,,
226,Yhency Brazoban\brazoyh01,2009-01-08,Los Angeles Dodgers,LAD,29,-0.2,5,114,3,0,0,0,0,0,0,.000,.000,.000,.000,10,12,4.70,1.426,116,0,21,115.0,109,13,55,100
227,Trevor Hoffman HOF\hoffmtr01,2009-01-08,Milwaukee Brewers,SDP,41,3.3,16,906,33,1,4,0,5,0,0,.121,.121,.182,.303,56,66,2.78,1.049,930,0,554,988.0,762,90,274,1055
228,Brian Buchanan\buchabr01,2009-01-07,Kansas City Royals,KCR,35,,8,,,,,,,,,,,,,,,,,,,,,,,,
229,Juan Castro\castrju01,2009-01-07,Los Angeles Dodgers,BAL,37,-1.8,14,984,2372,226,541,35,211,5,134,.228,.268,.331,.599,,,,,,,,,,,,
230,Roman Colon\colonro01,2009-01-07,Kansas City Royals,KCR,29,0.1,3,41,7,0,0,0,0,0,0,.000,.000,.000,.000,6,7,5.03,1.488,73,8,1,127.0,146,23,43,87
231,Jerry Hairston\hairsje02,2009-01-07,Cincinnati Reds,CIN,33,1.6,11,898,2795,386,726,39,252,127,240,.260,.330,.370,.700,,,,,,,,,,,,
232,Paul Hoover\hoovepa01,2009-01-07,Philadelphia Phillies,FLA,33,-0.1,5,28,74,4,17,0,5,0,2,.230,.250,.243,.493,,,,,,,,,,,,
233,Pedro Lopez\lopezpe01,2009-01-07,Pittsburgh Pirates,TOR,25,-0.5,3,,,,,,,,,,,,,,,,,,,,,,,,
234,Anderson Machado\machaan01,2009-01-07,Pittsburgh Pirates,NYM,28,,5,,,,,,,,,,,,,,,,,,,,,,,,
235,Ryan O'Malley\omallry01,2009-01-07,Chicago White Sox,CHW,29,0.5,2,,,,,,,,,,,,,,,,,,,,,,,,
236,Val Pascucci\pascuva01,2009-01-07,Los Angeles Dodgers,NYM,30,,1,32,62,6,11,2,6,1,10,.177,.297,.290,.588,,,,,,,,,,,,
237,Paul Phillips\phillpa01,2009-01-07,Colorado Rockies,CHW,32,0.2,5,62,153,18,39,2,16,0,2,.255,.268,.359,.627,,,,,,,,,,,,
238,Vance Wilson\wilsova01,2009-01-07,Kansas City Royals,DET,36,1.0,9,,,,,,,,,,,,,,,,,,,,,,,,
239,Angel Berroa\berroan01,2009-01-06,New York Yankees,LAD,31,-1.8,8,711,2526,319,658,46,251,50,114,.260,.305,.378,.682,,,,,,,,,,,,
240,Jason Giambi\giambja01,2009-01-06,Oakland Athletics,NYY,38,5.6,14,1850,6332,1116,1812,396,1279,18,1205,.286,.408,.534,.942,,,,,,,,,,,,
241,Keith Ginter\ginteke01,2009-01-06,Chicago White Sox,BOS,33,,8,,,,,,,,,,,,,,,,,,,,,,,,
242,Danny Graves\graveda01,2009-01-06,Houston Astros,MIN,35,-0.3,12,,,,,,,,,,,,,,,,,,,,,,,,
243,Jason Johnson\johnsja02,2009-01-06,New York Yankees,LAD,35,-1.0,11,37,32,2,3,1,1,0,2,.094,.147,.188,.335,56,100,4.99,1.488,255,221,0,1357.0,1521,181,498,810
244,Chan Ho Park\parkch01,2009-01-06,Philadelphia Phillies,LAD,36,0.6,15,307,415,26,75,2,30,0,17,.181,.212,.236,.448,117,92,4.34,1.398,378,280,2,1846.0,1723,216,858,1590
245,Carl Pavano\pavanca01,2009-01-06,Cleveland Indians,NYY,33,0.0,10,164,295,14,41,2,14,0,4,.139,.153,.200,.353,66,66,4.32,1.355,193,175,0,1083.1,1167,118,301,692
246,Scott Proctor\proctsc01,2009-01-06,Florida Marlins,LAD,32,2.6,5,81,3,0,0,0,0,0,0,.000,.000,.000,.000,16,10,4.42,1.397,262,1,1,297.0,283,46,132,256
247,Royce Ring\ringro01,2009-01-06,St. Louis Cardinals,ATL,28,-0.8,4,87,0,0,0,0,0,0,0,,,,,3,3,4.93,1.553,94,0,0,65.2,62,5,40,53
248,John Rodriguez\rodrijo03,2009-01-06,New York Yankees,NYM,31,0.4,3,,,,,,,,,,,,,,,,,,,,,,,,
249,Mark Teixeira\teixema01,2009-01-06,New York Yankees,LAA,29,16.8,6,904,3414,566,989,203,676,13,442,.290,.378,.541,.919,,,,,,,,,,,,
250,Pat Burrell\burrepa01,2009-01-05,Tampa Bay Rays,PHI,32,4.9,9,1306,4535,655,1166,251,827,5,785,.257,.367,.485,.852,,,,,,,,,,,,
251,Julio DePaula\depauju01,2009-01-05,Tampa Bay Rays,MIN,26,-0.5,1,,,,,,,,,,,,,,,,,,,,,,,,
252,Nick Green\greenni01,2009-01-05,Boston Red Sox,NYY,30,-0.2,4,275,703,105,169,10,59,5,56,.240,.309,.347,.656,,,,,,,,,,,,
253,Michel Hernandez\hernami01,2009-01-05,Tampa Bay Rays,TBR,30,-0.2,2,10,19,2,4,0,0,0,1,.211,.250,.211,.461,,,,,,,,,,,,
254,Gary Majewski\majewga01,2009-01-05,Philadelphia Phillies,CIN,29,-1.1,5,216,14,0,0,0,0,0,0,.000,.000,.000,.000,9,13,4.61,1.581,229,0,2,240.1,291,18,89,142
255,Claudio Vargas\vargacl01,2009-01-05,Los Angeles Dodgers,NYM,31,1.2,6,152,185,5,15,0,7,0,3,.081,.096,.103,.198,46,40,4.94,1.445,164,114,1,703.2,748,121,269,496
256,Tony Clark\clarkto02,2009-01-02,Arizona Diamondbacks,ARI,37,-1.2,14,1523,4466,622,1176,247,813,6,516,.263,.340,.485,.825,,,,,,,,,,,,
257,Derrick Turnbow\turnbde01,2009-01-01,Texas Rangers,MIL,31,-2.9,7,210,2,0,0,0,0,0,0,.000,.000,.000,.000,17,16,4.30,1.451,257,1,65,257.2,206,25,168,265
258,Brian Fuentes\fuentbr01,2008-12-31,Los Angeles Angels of Anaheim,COL,33,4.9,8,413,1,0,0,0,0,0,0,.000,.000,.000,.000,17,27,3.41,1.237,438,0,115,422.0,343,41,179,480
259,Mark Hendrickson\hendrma01,2008-12-31,Baltimore Orioles,FLA,35,1.9,7,94,97,8,13,1,3,0,6,.134,.184,.216,.401,50,63,5.07,1.451,215,154,0,977.2,1133,119,286,545
260,Aaron Miles\milesaa01,2008-12-31,Chicago Cubs,STL,32,1.9,6,643,2077,267,600,16,170,23,123,.289,.329,.364,.693,0,0,6.00,1.000,3,0,0,3.0,3,1,0,0
261,Dave Borkowski\borkoda01,2008-12-30,Philadelphia Phillies,HOU,32,-1.1,7,126,10,0,0,0,1,0,0,.000,.000,.000,.000,13,20,5.87,1.559,181,21,1,346.1,392,48,148,265
262,Jason Ellison\ellisja01,2008-12-30,Philadelphia Phillies,TEX,31,-0.5,6,344,554,89,139,8,35,22,36,.251,.302,.348,.650,,,,,,,,,,,,
263,Joe Nelson\nelsojo01,2008-12-30,Tampa Bay Rays,FLA,34,2.2,4,57,1,1,0,0,0,0,0,.000,.000,.000,.000,4,2,4.09,1.365,107,0,10,103.1,90,11,51,109
264,Michael Barrett\barremi01,2008-12-29,Toronto Blue Jays,SDP,32,1.3,11,1047,3494,395,922,97,422,11,278,.264,.320,.422,.743,,,,,,,,,,,,
265,Daniel Cabrera\cabreda01,2008-12-29,Washington Nationals,BAL,28,2.9,5,8,14,0,0,0,0,0,0,.000,.000,.000,.000,48,59,5.05,1.549,147,146,1,841.1,825,88,478,651
266,Blaine Neal\nealbl01,2008-12-29,Philadelphia Phillies,DET,31,,7,,,,,,,,,,,,,,,,,,,,,,,,
267,Brad Penny\pennybr01,2008-12-28,Boston Red Sox,LAD,31,8.7,9,239,480,25,76,2,30,0,3,.158,.169,.213,.381,94,75,4.06,1.337,249,245,0,1460.1,1478,137,475,1032
268,Willy Taveras\taverwi01,2008-12-27,Cincinnati Reds,COL,27,3.7,5,541,1973,295,558,7,109,169,116,.283,.331,.337,.668,,,,,,,,,,,,
269,Kevin Correia\correke01,2008-12-26,San Diego Padres,SFG,28,2.2,6,165,84,4,9,0,4,0,6,.107,.167,.119,.286,14,22,4.59,1.492,170,46,0,398.0,426,50,168,289
270,R.A. Dickey\dicker.01,2008-12-26,Minnesota Twins,SEA,34,-0.1,6,5,5,1,2,0,0,0,0,.400,.400,.400,.800,21,27,5.57,1.565,109,47,2,378.1,445,61,147,229
271,Randy Johnson HOF\johnsra05,2008-12-26,San Francisco Giants,ARI,45,6.0,21,253,599,19,76,1,40,0,18,.127,.155,.155,.310,295,160,3.26,1.167,596,586,2,4039.1,3249,392,1466,4789
272,Justin Lehr\lehrju01,2008-12-26,Philadelphia Phillies,CIN,31,-0.6,3,40,3,0,0,0,0,0,0,.000,.000,.000,.000,4,3,5.31,1.566,66,0,0,83.0,91,9,39,51
273,Scott Mathieson\mathisc01,2008-12-25,Philadelphia Phillies,PHI,25,-0.9,1,7,7,0,1,0,0,0,0,.143,.143,.143,.286,1,4,7.47,1.714,9,8,0,37.1,48,8,16,28
274,Chris Bootcheck\bootcch01,2008-12-23,Pittsburgh Pirates,LAA,30,-0.8,5,2,0,0,0,0,0,0,0,,,,,3,7,6.04,1.636,77,3,1,132.2,162,18,55,92
275,Ryan Braun\braunry01,2008-12-23,Chicago White Sox,KCR,28,-0.7,2,,,,,,,,,,,,,,,,,,,,,,,,
276,Jamie Burke\burkeja02,2008-12-23,Seattle Mariners,SEA,37,0.4,6,171,339,52,102,2,37,0,22,.301,.352,.378,.730,0,1,9.00,1.000,1,0,0,1.0,1,0,0,0
277,Kevin Cash\cashke01,2008-12-23,New York Yankees,BOS,31,-0.3,6,187,501,46,92,10,50,0,38,.184,.248,.285,.534,,,,,,,,,,,,
278,Randy Choate\choatra01,2008-12-23,Tampa Bay Rays,MIL,33,0.1,8,115,5,0,0,0,0,0,0,.000,.000,.000,.000,5,7,4.64,1.479,196,0,0,165.0,157,5,87,129
279,Yurendell de Caster\decasyu01,2008-12-23,Detroit Tigers,WSN,29,-0.1,2,,,,,,,,,,,,,,,,,,,,,,,,
280,Wil Ledezma\ledezwi01,2008-12-23,Washington Nationals,ARI,28,0.2,6,57,12,2,0,0,0,0,1,.000,.077,.000,.077,15,22,5.10,1.575,155,40,0,365.0,396,41,179,247
281,Gustavo Molina\molingu01,2008-12-23,Washington Nationals,NYM,27,-0.5,2,19,34,1,4,0,1,0,2,.118,.162,.147,.309,,,,,,,,,,,,
282,Omir Santos\santoom01,2008-12-23,New York Mets,BAL,28,-0.2,1,11,10,0,1,0,0,0,0,.100,.100,.100,.200,,,,,,,,,,,,
283,Chris Britton\brittch01,2008-12-22,San Diego Padres,NYY,26,1.3,3,7,0,0,0,0,0,0,0,,,,,0,3,3.83,1.287,78,0,1,89.1,83,10,32,58
284,Raul Chavez\chavera01,2008-12-22,Toronto Blue Jays,PIT,36,0.5,10,212,521,38,116,5,50,3,25,.223,.260,.292,.552,,,,,,,,,,,,
285,Ray Olmedo\olmedra01,2008-12-22,Tampa Bay Rays,WSN,28,-0.4,5,198,403,45,92,2,26,6,26,.228,.276,.293,.569,,,,,,,,,,,,
286,Freddy Guzman\guzmafr01,2008-12-21,Seattle Mariners,DET,28,0.1,3,37,89,11,19,1,6,5,4,.213,.263,.281,.544,,,,,,,,,,,,
287,Lenny DiNardo\dinarle01,2008-12-20,Kansas City Royals,OAK,29,-0.9,5,6,5,0,1,0,0,0,0,.200,.200,.200,.400,10,15,4.93,1.591,89,29,0,235.2,275,24,100,124
288,Trot Nixon\nixontr01,2008-12-20,Milwaukee Brewers,NYM,35,0.0,12,1092,3627,579,995,137,555,30,504,.274,.364,.464,.828,,,,,,,,,,,,
289,CC Sabathia\sabatc.01,2008-12-20,New York Yankees,MIL,28,18.2,8,32,88,6,23,3,13,0,1,.261,.270,.398,.667,117,73,3.66,1.244,254,254,0,1659.1,1541,150,523,1393
290,Travis Blackley\blacktr01,2008-12-19,Arizona Diamondbacks,PHI,26,-0.1,2,2,3,0,1,0,0,0,0,.333,.333,.333,.667,1,3,9.35,2.077,8,8,0,34.2,45,11,27,21
291,Luke Hudson\hudsolu01,2008-12-19,Kansas City Royals,KCR,32,0.4,6,,,,,,,,,,,,,,,,,,,,,,,,
292,Greg Norton\nortogr01,2008-12-19,Atlanta Braves,ATL,36,0.9,12,1012,2334,312,589,89,331,15,303,.252,.339,.427,.766,,,,,,,,,,,,
293,Juan Rivera\riverju01,2008-12-19,Los Angeles Angels of Anaheim,LAA,30,2.4,8,555,1748,224,497,72,278,9,123,.284,.331,.468,.799,,,,,,,,,,,,
294,Scott Strickland\stricsc02,2008-12-19,Los Angeles Dodgers,NYY,33,,6,228,6,0,0,0,0,0,0,.000,.000,.000,.000,12,21,3.34,1.300,236,0,20,240.0,201,25,111,243
295,Reggie Abercrombie\abercre01,2008-12-18,Houston Astros,HOU,28,-0.2,3,180,386,65,86,9,34,18,21,.223,.274,.355,.629,,,,,,,,,,,,
296,Wes Bankston\bankswe01,2008-12-18,Cincinnati Reds,OAK,25,-0.5,1,17,59,4,12,1,4,0,2,.203,.238,.305,.543,,,,,,,,,,,,
297,Andres Blanco\blancan01,2008-12-18,Chicago Cubs,CHC,25,0.3,3,78,226,24,57,0,19,1,10,.252,.290,.314,.605,,,,,,,,,,,,
298,Aaron Boone\booneaa01,2008-12-18,Houston Astros,WSN,36,-0.9,11,1142,3858,519,1017,126,555,107,303,.264,.327,.426,.754,,,,,,,,,,,,
299,Melvin Dorta\dortame01,2008-12-18,Baltimore Orioles,PIT,27,-0.1,2,,,,,,,,,,,,,,,,,,,,,,,,
300,Chris Duffy\duffych01,2008-12-18,Milwaukee Brewers,PIT,29,0.8,3,193,681,99,183,6,49,41,47,.269,.328,.361,.689,,,,,,,,,,,,
301,Jesse Foppert\foppeje01,2008-12-18,San Francisco Giants,SFG,28,,5,,,,,,,,,,,,,,,,,,,,,,,,
302,Jason Lane\laneja01,2008-12-18,Toronto Blue Jays,BOS,32,-1.5,6,497,1208,165,291,61,189,10,123,.241,.314,.457,.771,,,,,,,,,,,,
303,Chad Moeller\moellch01,2008-12-18,Baltimore Orioles,NYY,34,-1.1,9,462,1289,138,289,27,122,2,100,.224,.286,.345,.631,,,,,,,,,,,,
304,Tommy Murphy\murphto03,2008-12-18,Kansas City Royals,FLA,29,0.4,2,,,,,,,,,,,,,,,,,,,,,,,,
305,Corey Patterson\patteco01,2008-12-18,Washington Nationals,CIN,29,5.8,9,991,3466,479,876,104,363,182,169,.253,.291,.407,.698,,,,,,,,,,,,
306,Jorge Sosa\sosajo02,2008-12-18,Washington Nationals,SEA,31,-0.5,7,150,81,5,11,3,4,0,7,.136,.205,.272,.476,40,49,4.67,1.468,254,88,5,713.2,724,103,324,455
307,Oscar Villarreal\villaos01,2008-12-18,Kansas City Royals,COL,27,0.9,6,247,15,0,1,0,0,0,0,.067,.067,.067,.133,24,15,3.86,1.372,258,5,1,336.0,326,42,135,236
308,Chris Capuano\capuach01,2008-12-17,Milwaukee Brewers,MIL,30,3.6,5,121,218,10,35,1,17,0,7,.161,.189,.202,.391,42,48,4.39,1.362,124,116,0,711.2,729,101,240,585
309,Jose Castillo\castijo02,2008-12-17,Washington Nationals,HOU,28,-2.9,5,592,1918,211,487,39,218,13,111,.254,.296,.379,.675,,,,,,,,,,,,
310,Rafael Furcal\furcara02,2008-12-17,Los Angeles Dodgers,LAD,31,8.2,9,1150,4636,788,1328,83,418,259,468,.286,.352,.412,.764,,,,,,,,,,,,
311,Wilkin Ruan\ruanwi01,2008-12-17,Philadelphia Phillies,LAD,30,,6,,,,,,,,,,,,,,,,,,,,,,,,
312,Randy Ruiz\ruizra01,2008-12-17,Toronto Blue Jays,MIN,31,0.2,1,22,62,13,17,1,7,0,6,.274,.338,.355,.693,,,,,,,,,,,,
313,Ray Sadler\sadlera01,2008-12-17,Tampa Bay Rays,HOU,28,,3,,,,,,,,,,,,,,,,,,,,,,,,
314,Joe Thurston\thursjo01,2008-12-17,St. Louis Cardinals,BOS,29,-0.2,5,59,66,7,15,0,2,0,2,.227,.264,.303,.567,,,,,,,,,,,,
315,Matt Treanor\treanma01,2008-12-17,Detroit Tigers,FLA,33,2.3,5,274,723,63,171,8,70,1,76,.237,.322,.317,.639,,,,,,,,,,,,
316,John Bale\balejo01,2008-12-16,Kansas City Royals,KCR,35,0.9,6,10,17,0,2,0,0,0,0,.118,.118,.118,.235,3,6,4.46,1.417,66,12,0,145.1,149,13,57,124
317,Denny Bautista\bautide01,2008-12-16,Pittsburgh Pirates,PIT,28,-1.1,5,48,7,0,1,0,1,0,0,.143,.143,.143,.286,8,14,6.34,1.722,86,21,0,176.0,206,16,97,121
318,Sean Henn\hennse01,2008-12-16,Minnesota Twins,SDP,28,-0.8,4,5,1,0,0,0,0,0,0,.000,.000,.000,.000,2,6,7.56,2.040,40,5,0,66.2,84,12,52,47
319,Cesar Izturis\izturce01,2008-12-16,Baltimore Orioles,STL,29,1.6,8,903,3165,342,822,12,231,86,169,.260,.299,.331,.629,,,,,,,,,,,,
320,Garrett Jones\jonesga02,2008-12-16,Pittsburgh Pirates,MIN,28,-0.4,1,31,77,7,16,2,5,1,6,.208,.262,.338,.600,,,,,,,,,,,,
321,Juan Mateo\mateoju02,2008-12-16,Pittsburgh Pirates,PIT,26,-0.3,2,,,,,,,,,,,,,,,,,,,,,,,,
322,Laynce Nix\nixla01,2008-12-16,Cincinnati Reds,MIL,28,-0.7,6,270,875,115,206,29,118,6,42,.235,.272,.401,.673,,,,,,,,,,,,
323,Jeff Salazar\salazje01,2008-12-16,Pittsburgh Pirates,ARI,28,0.1,3,147,275,43,68,4,30,4,41,.247,.350,.375,.725,,,,,,,,,,,,
324,Chris Smith\smithch08,2008-12-16,Milwaukee Brewers,BOS,28,-0.3,1,0,0,0,0,0,0,0,0,,,,,1,0,7.85,1.364,12,0,0,18.1,18,6,7,13
325,Terry Tiffee\tiffete01,2008-12-16,Philadelphia Phillies,LAD,30,0.0,4,97,243,20,55,5,29,1,15,.226,.276,.350,.626,,,,,,,,,,,,
326,Adam Everett\everead01,2008-12-15,Detroit Tigers,MIN,32,4.7,8,697,2272,276,558,37,234,59,143,.246,.298,.355,.653,,,,,,,,,,,,
327,John Gall\galljo01,2008-12-15,Houston Astros,FLA,31,-0.2,3,,,,,,,,,,,,,,,,,,,,,,,,
328,Eric Hull\huller01,2008-12-15,Seattle Mariners,BOS,29,0.1,1,,,,,,,,,,,,,,,,,,,,,,,,
329,Bobby Keppel\keppebo01,2008-12-15,Minnesota Twins,FLA,27,-0.1,2,6,2,0,0,0,0,0,0,.000,.000,.000,.000,0,4,6.10,1.800,12,6,0,38.1,51,7,18,21
330,Doug Mathis\mathido01,2008-12-15,Texas Rangers,TEX,26,-0.5,1,1,0,0,0,0,0,0,0,,,,,2,1,6.85,2.284,8,4,0,22.1,37,3,14,9
331,Jason Michaels\michaja01,2008-12-15,Houston Astros,PIT,33,0.5,8,734,1855,282,503,45,247,20,204,.271,.345,.409,.754,,,,,,,,,,,,
332,Jamie Moyer\moyerja01,2008-12-15,Philadelphia Phillies,PHI,46,4.8,22,182,319,20,42,0,10,0,25,.132,.194,.147,.342,246,185,4.19,1.321,637,584,0,3746.2,3876,464,1074,2248
333,Freddie Bynum\bynumfr01,2008-12-14,Washington Nationals,BAL,29,-1.3,4,188,351,54,82,6,32,18,16,.234,.275,.379,.654,,,,,,,,,,,,
334,Emiliano Fruto\frutoem01,2008-12-14,Atlanta Braves,ARI,25,-0.4,2,,,,,,,,,,,,,,,,,,,,,,,,
335,Norris Hopper\hoppeno01,2008-12-14,Cincinnati Reds,CIN,30,1.7,3,168,396,60,125,1,20,17,31,.316,.367,.371,.738,,,,,,,,,,,,
336,Kyle Farnsworth\farnsky01,2008-12-13,Kansas City Royals,DET,33,1.0,10,376,54,3,4,0,3,0,2,.074,.121,.093,.213,30,48,4.47,1.404,612,26,27,735.0,704,112,328,738
337,Jonathan Herrera\herrejo03,2008-12-13,Colorado Rockies,COL,24,0.4,1,28,61,5,14,0,3,1,4,.230,.277,.279,.556,,,,,,,,,,,,
338,Heath Phillips\phillhe01,2008-12-13,Kansas City Royals,TBR,27,0.2,1,,,,,,,,,,,,,,,,,,,,,,,,
339,Francis Beltran\beltrfr01,2008-12-12,San Francisco Giants,DET,29,0.1,3,52,4,0,1,0,0,0,0,.250,.250,.250,.500,3,2,5.69,1.655,67,0,1,74.1,74,16,49,68
340,A.J. Burnett\burnea.01,2008-12-12,New York Yankees,TOR,32,6.6,10,131,261,12,34,3,9,0,12,.130,.175,.211,.385,87,76,3.81,1.284,215,211,0,1376.1,1199,122,568,1278
341,Luis Figueroa\figuelu01,2008-12-12,Los Angeles Angels of Anaheim,CHC,35,-0.2,7,,,,,,,,,,,,,,,,,,,,,,,,
342,Raul Ibanez\ibanera01,2008-12-12,Philadelphia Phillies,SEA,37,9.0,13,1384,4791,695,1370,182,794,34,446,.286,.346,.472,.818,,,,,,,,,,,,
343,Arthur Rhodes\rhodear01,2008-12-12,Cincinnati Reds,FLA,39,1.4,17,107,4,0,1,0,0,0,0,.250,.250,.250,.500,79,61,4.23,1.329,714,61,32,1046.1,924,111,467,1033
344,Eider Torres\torreei01,2008-12-12,Chicago White Sox,BAL,26,-0.2,1,8,9,2,2,0,0,0,0,.222,.222,.222,.444,,,,,,,,,,,,
345,Ramon Vazquez\vazqura01,2008-12-12,Pittsburgh Pirates,TEX,32,0.3,8,595,1747,227,449,21,160,19,186,.257,.328,.358,.685,,,,,,,,,,,,
346,Matt Kata\katama01,2008-12-11,Houston Astros,PIT,31,-1.2,4,238,645,87,156,12,58,8,48,.242,.296,.381,.677,,,,,,,,,,,,
347,Felipe Lopez\lopezfe01,2008-12-11,Arizona Diamondbacks,STL,29,-0.1,8,873,3201,448,838,71,334,109,322,.262,.330,.395,.725,,,,,,,,,,,,
348,Nick Punto\puntoni01,2008-12-11,Minnesota Twins,MIN,31,6.6,8,611,1857,245,468,11,140,69,189,.252,.319,.332,.652,,,,,,,,,,,,
349,Horacio Ramirez\ramirho01,2008-12-11,Kansas City Royals,CHW,29,-0.4,6,86,179,9,27,0,5,0,2,.151,.160,.179,.339,39,33,4.59,1.471,138,104,0,656.2,715,79,251,301
350,Doug Waechter\waechdo01,2008-12-11,Kansas City Royals,FLA,28,0.3,5,45,8,1,1,0,0,0,0,.125,.125,.125,.250,18,27,5.30,1.435,108,54,0,379.0,418,66,126,223
351,Alan Embree\embreal01,2008-12-10,Colorado Rockies,OAK,39,0.7,15,393,3,0,0,0,0,0,1,.000,.250,.000,.250,37,43,4.55,1.331,846,4,25,749.1,716,92,281,679
352,Enrique Gonzalez\gonzaen01,2008-12-10,Boston Red Sox,SDP,26,0.1,3,27,32,3,9,0,3,0,0,.281,.281,.313,.594,4,7,5.96,1.424,27,18,0,111.2,122,14,37,67
353,Kerry Wood\woodke02,2008-12-10,Cleveland Indians,CHC,32,2.4,10,270,345,23,59,7,32,0,11,.171,.196,.249,.445,77,61,3.65,1.250,276,178,34,1219.1,947,131,577,1407
354,Casey Blake\blakeca01,2008-12-09,Los Angeles Dodgers,LAD,35,7.9,10,917,3304,472,873,128,447,32,308,.264,.334,.447,.782,,,,,,,,,,,,
355,Joel Guzman\guzmajo03,2008-12-09,Washington Nationals,TBR,24,-0.5,2,,,,,,,,,,,,,,,,,,,,,,,,
356,Mike Lamb\lambmi01,2008-12-09,Milwaukee Brewers,MIN,33,2.2,9,936,2668,380,739,69,345,7,224,.277,.333,.417,.751,,,,,,,,,,,,
357,Francisco Rodriguez\rodrifr03,2008-12-09,New York Mets,LAA,27,8.4,7,23,0,0,0,0,0,0,0,,,,,23,17,2.35,1.114,408,0,208,451.2,305,34,198,587
358,Chris Seddon\seddoch01,2008-12-09,Seattle Mariners,FLA,25,-0.7,1,7,3,0,0,0,0,0,0,.000,.000,.000,.000,0,2,8.83,1.962,7,4,0,17.1,29,2,5,10
359,Chris Shelton\sheltch01,2008-12-09,Seattle Mariners,TEX,29,1.7,4,290,904,131,248,37,120,2,94,.274,.346,.461,.808,,,,,,,,,,,,
360,Eliezer Alfonzo\alfonel01,2008-12-08,San Diego Padres,SFG,30,0.4,3,118,361,32,93,13,46,1,11,.258,.292,.435,.727,,,,,,,,,,,,
361,Mark Loretta\loretma01,2008-12-08,Los Angeles Dodgers,HOU,37,1.8,14,1619,5631,749,1671,76,604,46,535,.297,.361,.399,.760,0,0,0.00,2.000,1,0,0,1.0,1,0,1,2
362,Darren Oliver\oliveda02,2008-12-07,Los Angeles Angels of Anaheim,LAA,38,3.7,15,164,217,17,48,1,20,0,8,.221,.259,.286,.544,101,82,4.84,1.495,466,228,2,1624.1,1786,195,642,993
363,David Weathers\weathda01,2008-12-07,Cincinnati Reds,CIN,39,5.1,18,819,139,7,14,2,4,0,7,.101,.150,.144,.294,69,82,4.27,1.487,896,69,74,1314.1,1379,123,576,939
364,Hector Luna\lunahe01,2008-12-06,Los Angeles Dodgers,TOR,29,-0.1,5,284,703,97,190,11,82,23,51,.270,.324,.388,.713,,,,,,,,,,,,
365,Jason Childers\childja01,2008-12-05,Tampa Bay Rays,CHW,34,-0.1,2,,,,,,,,,,,,,,,,,,,,,,,,
366,Andy Gonzalez\gonzaan01,2008-12-05,Florida Marlins,CLE,27,-1.6,2,77,213,20,40,3,13,1,31,.188,.291,.258,.549,,,,,,,,,,,,
367,Justin Leone\leoneju01,2008-12-05,New York Yankees,SFG,32,0.0,4,,,,,,,,,,,,,,,,,,,,,,,,
368,Todd Linden\lindeto01,2008-12-05,New York Yankees,CLE,29,-1.0,5,,,,,,,,,,,,,,,,,,,,,,,,
369,Tomo Ohka\ohkato01,2008-12-05,Cleveland Indians,CHW,33,-0.2,9,138,238,8,33,0,15,1,10,.139,.173,.147,.320,50,63,4.14,1.389,184,172,0,999.0,1105,122,283,559
370,David Ross\rossda01,2008-12-05,Atlanta Braves,BOS,32,2.3,7,431,1124,132,250,60,154,0,135,.222,.309,.435,.744,,,,,,,,,,,,
371,John Van Benschoten\vanbejo01,2008-12-05,Chicago White Sox,PIT,29,-2.9,3,25,21,3,2,1,2,0,3,.095,.208,.286,.494,2,13,9.20,2.144,26,19,0,90.0,125,14,68,65
372,Josh Wilson\wilsojo03,2008-12-05,Arizona Diamondbacks,BOS,28,-1.1,2,116,292,30,68,2,24,6,17,.233,.286,.329,.615,0,0,0.00,2.000,1,0,0,1.0,1,0,1,0
373,Callix Crabbe\crabbca01,2008-12-04,Seattle Mariners,MIL,26,-0.5,1,21,34,4,6,0,2,1,4,.176,.282,.206,.488,,,,,,,,,,,,
374,Jorge Julio\juliojo01,2008-12-04,Milwaukee Brewers,ATL,30,0.7,8,153,1,0,0,0,0,0,2,.000,.667,.000,.667,16,33,4.30,1.423,438,0,99,449.2,422,63,218,435
375,Mike Lincoln\lincomi01,2008-12-04,Cincinnati Reds,CIN,34,0.4,7,194,12,0,1,0,0,0,0,.083,.083,.083,.167,15,29,5.02,1.457,225,19,5,333.2,366,47,120,215
376,Edgar Renteria\renteed01,2008-12-04,San Francisco Giants,DET,32,9.4,13,1860,7140,1090,2070,127,817,280,634,.290,.347,.405,.753,,,,,,,,,,,,
377,Brian Slocum\slocubr01,2008-12-04,Pittsburgh Pirates,CLE,28,-0.2,2,0,0,0,0,0,0,0,0,,,,,0,0,7.78,2.237,10,2,0,19.2,35,5,9,12
378,Doug Bernier\bernido01,2008-12-03,New York Yankees,COL,29,-0.1,1,2,4,0,0,0,0,0,0,.000,.000,.000,.000,,,,,,,,,,,,
379,Russell Branyan\branyru01,2008-12-03,Seattle Mariners,MIL,33,3.3,11,766,2000,283,460,133,320,11,281,.230,.328,.485,.812,,,,,,,,,,,,
380,Chad Fox\foxch02,2008-12-03,Chicago Cubs,CHC,38,0.0,9,195,7,0,0,0,0,0,0,.000,.000,.000,.000,10,12,3.60,1.432,217,0,6,227.2,195,22,131,262
381,Brian Gordon\gordobr01,2008-12-03,Texas Rangers,TEX,30,0.1,1,0,0,0,0,0,0,0,0,,,,,0,0,2.25,1.000,3,0,0,4.0,4,0,0,1
382,J.R. House\housejr01,2008-12-03,Kansas City Royals,HOU,29,-0.3,5,32,60,6,10,3,4,0,1,.167,.206,.367,.573,,,,,,,,,,,,
383,Bob Howry\howrybo01,2008-12-03,San Francisco Giants,CHC,35,3.5,11,251,3,0,1,0,0,0,0,.333,.333,.333,.667,42,43,3.68,1.235,668,0,66,689.0,634,80,217,593
384,Trever Miller\milletr02,2008-12-03,St. Louis Cardinals,TBR,36,1.7,10,249,6,1,1,0,0,0,0,.167,.167,.333,.500,14,14,4.43,1.499,519,5,10,422.1,435,45,198,354
385,Chris Richard\richach01,2008-12-03,Tampa Bay Rays,TBR,35,,4,267,880,131,227,34,122,18,77,.258,.324,.452,.777,,,,,,,,,,,,
386,Matt Tupman\tupmama01,2008-12-03,Kansas City Royals,KCR,29,0.1,1,1,1,0,1,0,0,0,0,1.000,1.000,1.000,2.000,,,,,,,,,,,,
387,Doug Brocail\brocado01,2008-12-02,Houston Astros,HOU,42,1.5,14,286,69,9,12,0,1,2,0,.174,.174,.203,.377,51,48,3.99,1.346,606,42,9,862.1,864,81,297,633
388,Darnell McDonald\mcdonda02,2008-12-02,Cincinnati Reds,MIN,30,-0.2,2,21,42,3,6,0,1,1,3,.143,.200,.167,.367,,,,,,,,,,,,
389,Franquelis Osoria\osorifr01,2008-12-02,Kansas City Royals,PIT,27,-1.0,4,100,15,1,2,0,1,0,0,.133,.133,.133,.267,4,9,5.48,1.555,104,0,0,136.1,175,20,37,72
390,Billy Traber\trabebi01,2008-12-02,Boston Red Sox,NYY,29,-0.7,4,41,21,1,1,0,1,0,1,.048,.091,.048,.139,12,14,5.54,1.571,95,28,0,211.1,258,27,74,151
391,Mike Hampton\hamptmi01,2008-12-01,Houston Astros,ATL,36,0.4,14,392,688,91,166,15,72,3,45,.241,.291,.352,.643,141,105,4.01,1.437,388,334,1,2152.0,2239,187,854,1310
392,Mark Johnson\johnsma02,2008-12-01,Chicago Cubs,STL,33,-0.1,8,332,934,115,204,16,83,8,124,.218,.314,.318,.632,,,,,,,,,,,,
393,Justin Knoedler\knoedju01,2008-12-01,St. Louis Cardinals,OAK,28,-0.1,4,,,,,,,,,,,,,,,,,,,,,,,,
394,Jerome Williams\willije01,2008-12-01,Oakland Athletics,LAD,27,-1.0,5,70,116,3,13,0,1,0,1,.112,.127,.129,.256,23,29,4.25,1.359,76,71,0,425.1,407,46,171,258
395,Chris Woodward\woodwch01,2008-11-29,Seattle Mariners,MIL,33,-2.4,9,607,1598,201,388,33,186,8,127,.243,.299,.375,.674,,,,,,,,,,,,
396,Scott Chiasson\chiassc01,2008-11-28,Baltimore Orioles,BAL,31,,7,,,,,,,,,,,,,,,,,,,,,,,,
397,Travis Chick\chicktr01,2008-11-28,Los Angeles Dodgers,SEA,25,-0.2,2,,,,,,,,,,,,,,,,,,,,,,,,
398,Mike Koplove\koplomi01,2008-11-28,Philadelphia Phillies,LAD,32,0.1,7,,,,,,,,,,,,,,,,,,,,,,,,
399,Erick Threets\threeer01,2008-11-28,Los Angeles Dodgers,SFG,27,0.0,2,10,0,0,0,0,0,0,0,,,,,0,1,6.57,2.270,10,0,0,12.1,16,1,12,7
400,Marcus McBeth\mcbetma01,2008-11-26,Boston Red Sox,BOS,28,-0.1,1,,,,,,,,,,,,,,,,,,,,,,,,
401,Brian Myrow\myrowbr01,2008-11-26,Chicago White Sox,SDP,32,-0.3,3,52,51,3,8,1,4,0,8,.157,.279,.255,.534,,,,,,,,,,,,
402,Jason Bourgeois\bourgja01,2008-11-25,Milwaukee Brewers,CHW,27,0.0,1,6,3,0,1,0,0,0,0,.333,.333,.667,1.000,,,,,,,,,,,,
403,Willie Collazo\collawi01,2008-11-25,Florida Marlins,NYM,29,0.0,1,,,,,,,,,,,,,,,,,,,,,,,,
404,Vladimir Nunez\nunezvl01,2008-11-25,Atlanta Braves,ATL,34,0.3,8,243,60,3,8,1,5,0,1,.133,.148,.183,.331,21,34,4.76,1.417,253,27,21,441.0,428,53,197,326
405,R.J. Swindle\swindrj01,2008-11-25,Milwaukee Brewers,PHI,25,-0.2,1,3,2,0,0,0,1,0,0,.000,.000,.000,.000,0,0,7.71,2.357,3,0,0,4.2,9,2,2,4
406,Kevin Cameron\camerke01,2008-11-24,Oakland Athletics,SDP,29,0.2,2,57,5,0,0,0,0,0,0,.000,.000,.000,.000,2,0,2.91,1.574,58,0,0,68.0,65,0,42,55
407,Carmen Cali\calica01,2008-11-23,Los Angeles Dodgers,MIN,30,0.1,4,,,,,,,,,,,,,,,,,,,,,,,,
408,Guillermo Rodriguez\rodrigu01,2008-11-22,Baltimore Orioles,SFG,31,-0.1,1,39,87,10,22,1,14,0,10,.253,.327,.356,.683,,,,,,,,,,,,
409,Ross Wolf\wolfro01,2008-11-22,Baltimore Orioles,FLA,26,-0.7,1,14,1,0,0,0,0,0,0,.000,.000,.000,.000,0,1,11.68,2.189,14,0,0,12.1,24,4,3,6
410,Ron Flores\florero01,2008-11-21,Cincinnati Reds,STL,29,0.7,3,,,,,,,,,,,,,,,,,,,,,,,,
411,Eli Whiteside\whiteel03,2008-11-21,San Francisco Giants,SFG,29,,1,9,12,1,3,0,1,0,0,.250,.250,.250,.500,,,,,,,,,,,,
412,Greg Aquino\aquingr01,2008-11-20,Cleveland Indians,BAL,31,-0.5,5,123,2,0,0,0,0,0,0,.000,.000,.000,.000,2,4,5.40,1.605,135,0,17,138.1,150,22,72,132
413,Rick Bauer\bauerri01,2008-11-20,Toronto Blue Jays,TOR,32,0.8,7,14,0,0,0,0,0,0,0,,,,,11,14,4.51,1.397,187,10,3,317.0,322,35,121,185
414,Brad Eldred\eldrebr01,2008-11-20,Washington Nationals,CHW,28,-0.7,2,74,236,26,47,14,30,1,14,.199,.251,.419,.670,,,,,,,,,,,,
415,Paul McAnulty\mcanupa01,2008-11-20,Boston Red Sox,SDP,28,-0.1,4,124,212,21,44,5,21,1,34,.208,.324,.330,.654,,,,,,,,,,,,
416,Pete Orr\orrpe01,2008-11-20,Washington Nationals,WSN,30,-0.4,4,320,444,75,116,2,25,11,16,.261,.290,.333,.623,,,,,,,,,,,,
417,Elizardo Ramirez\ramirel01,2008-11-20,Texas Rangers,TEX,26,-0.3,5,36,39,4,6,0,3,1,2,.154,.195,.179,.375,4,15,6.40,1.590,39,26,0,160.1,201,28,54,96
418,Rene Rivera\riverre01,2008-11-20,New York Mets,LAD,25,-0.5,3,53,150,11,34,3,10,1,4,.227,.252,.333,.585,,,,,,,,,,,,
419,Dane Sardinha\sardida01,2008-11-20,Detroit Tigers,DET,30,-0.4,3,19,49,2,7,0,3,0,4,.143,.208,.184,.391,,,,,,,,,,,,
420,Randy Williams\willira01,2008-11-20,Chicago White Sox,FLA,33,,2,32,1,0,0,0,0,0,0,.000,.000,.000,.000,3,1,6.68,1.774,38,0,0,31.0,36,5,19,25
421,Kevin Barker\barkeke01,2008-11-19,Cincinnati Reds,CIN,33,0.0,4,97,253,30,62,6,33,3,31,.245,.328,.352,.679,,,,,,,,,,,,
422,Ryan Dempster\dempsry01,2008-11-19,Chicago Cubs,CHC,32,6.4,11,403,375,16,34,0,9,0,8,.091,.110,.115,.224,76,81,4.55,1.491,420,195,87,1425.0,1417,152,707,1194
423,Brian Esposito\esposbr01,2008-11-19,Houston Astros,COL,30,0.0,1,1,0,0,0,0,0,0,0,,,,,,,,,,,,,,,,
424,Joe Hietpas\hietpjo01,2008-11-19,New York Mets,NYM,30,,4,,,,,,,,,,,,,,,,,,,,,,,,
425,Ryan Jorgensen\jorgery01,2008-11-19,Cincinnati Reds,MIN,30,0.0,3,10,20,3,3,2,6,0,0,.150,.150,.450,.600,,,,,,,,,,,,
426,Chris Schroder\schroch01,2008-11-19,Oakland Athletics,WSN,30,0.2,3,62,4,0,0,0,0,0,0,.000,.000,.000,.000,2,5,4.46,1.284,62,0,0,78.2,65,11,36,85
427,Mike Cervenak\cervemi01,2008-11-18,Philadelphia Phillies,PHI,32,-0.1,1,10,13,0,2,0,1,0,0,.154,.154,.154,.308,,,,,,,,,,,,
428,Brooks Conrad\conrabr01,2008-11-18,Atlanta Braves,OAK,29,-0.2,1,6,19,0,3,0,2,0,0,.158,.158,.211,.368,,,,,,,,,,,,
429,Andy Green\greenan01,2008-11-18,New York Mets,NYM,31,-0.1,3,136,226,33,45,2,12,2,25,.199,.280,.265,.545,,,,,,,,,,,,
430,Luis Hernandez\hernalu01,2008-11-18,Kansas City Royals,BAL,25,-0.1,2,66,148,14,39,1,10,4,8,.264,.297,.304,.602,,,,,,,,,,,,
431,Mel Stocker\stockme01,2008-11-18,Seattle Mariners,MIL,28,0.0,1,,,,,,,,,,,,,,,,,,,,,,,,
432,Jeremy Affeldt\affelje01,2008-11-17,San Francisco Giants,CIN,30,0.7,7,178,10,0,2,0,2,0,1,.200,.273,.200,.473,26,28,4.55,1.478,360,42,18,564.1,585,54,249,427
433,Brad Hennessey\hennebr01,2008-11-17,Baltimore Orioles,SFG,29,1.4,5,149,88,6,20,2,8,1,1,.227,.233,.330,.563,17,23,4.69,1.489,148,44,20,360.2,390,44,147,192
434,Luis Maza\mazalu01,2008-11-17,Los Angeles Dodgers,LAD,29,-0.7,1,45,79,7,18,1,4,0,5,.228,.282,.278,.561,,,,,,,,,,,,
435,Corky Miller\milleco01,2008-11-17,Chicago White Sox,ATL,33,-0.3,8,132,335,27,59,8,35,1,30,.176,.264,.290,.553,,,,,,,,,,,,
436,Brian Sanches\sanchbr01,2008-11-17,Florida Marlins,WSN,30,-0.6,3,39,0,0,0,0,0,0,0,,,,,3,1,6.13,1.745,42,0,0,47.0,52,13,30,41
437,Ryan Wagner\wagnery01,2008-11-17,Washington Nationals,WSN,26,-0.4,5,,,,,,,,,,,,,,,,,,,,,,,,
438,Donnie Murphy\murphdo01,2008-11-15,Baltimore Orioles,OAK,26,-0.5,4,127,325,36,62,10,45,4,30,.191,.265,.342,.607,,,,,,,,,,,,
439,Damaso Marte\marteda01,2008-11-12,New York Yankees,NYY,34,2.7,9,217,9,0,0,0,0,0,0,.000,.000,.000,.000,22,24,3.29,1.252,519,0,36,472.2,380,43,212,508
440,Justin Miller\milleju01,2008-11-10,San Francisco Giants,FLA,31,0.8,5,102,5,0,0,0,0,0,0,.000,.000,.000,.000,21,11,5.16,1.561,153,33,0,294.2,308,38,152,234
441,Josh Phelps\phelpjo01,2008-11-10,San Francisco Giants,STL,31,0.5,8,465,1394,198,380,64,244,2,116,.273,.343,.472,.815,,,,,,,,,,,,
442,Gil Velazquez\velazgi01,2008-11-10,Boston Red Sox,BOS,29,-0.3,1,3,8,0,1,0,1,0,0,.125,.125,.125,.250,,,,,,,,,,,,
443,LaTroy Hawkins\hawkila01,2008-11-07,Houston Astros,HOU,36,2.6,14,249,6,0,0,0,0,0,0,.000,.000,.000,.000,59,77,4.64,1.451,688,98,76,1134.0,1264,135,381,748
444,Ryan Roberts\roberry01,2008-11-06,Arizona Diamondbacks,TEX,28,-0.3,3,18,27,3,2,1,1,0,3,.074,.194,.185,.379,,,,,,,,,,,,
445,Ryan Langerhans\langery01,2008-11-03,Washington Nationals,WSN,29,0.0,6,474,978,140,228,24,105,6,141,.233,.335,.378,.713,,,,,,,,,,,,
446,Sergio Mitre\mitrese01,2008-11-03,New York Yankees,FLA,28,0.9,5,75,78,5,11,0,2,0,3,.141,.173,.192,.365,10,23,5.36,1.545,78,52,0,310.2,372,34,108,188
447,Andy Cannizaro\cannian01,2008-10-31,Cleveland Indians,CLE,30,-0.1,2,14,9,5,2,1,1,0,1,.222,.300,.556,.856,,,,,,,,,,,,
448,Jason LaRue\larueja01,2008-10-31,St. Louis Cardinals,STL,35,-0.6,10,842,2559,294,592,92,337,13,229,.231,.317,.401,.718,,,,,,,,,,,,
449,Jayson Nix\nixja01,2008-10-28,Chicago White Sox,COL,26,-0.4,1,22,56,2,7,0,2,1,7,.125,.234,.161,.395,,,,,,,,,,,,
450,Adam Loewen\loewead01,2008-10-24,Toronto Blue Jays,BAL,25,0.7,3,1,2,0,0,0,0,0,0,.000,.000,.000,.000,8,8,5.38,1.640,35,29,0,164.0,163,14,106,134
451,Scott McClain\mcclasc01,2008-10-22,San Francisco Giants,SFG,37,-0.1,4,44,78,11,15,2,8,0,9,.192,.284,.295,.579,,,,,,,,,,,,
452,Tadahito Iguchi\iguchta01,2008-09-05,Philadelphia Phillies,SDP,34,3.5,4,493,1841,267,494,44,205,48,189,.268,.338,.401,.739,,,,,,,,,,,,