Player,Club,Pos,service_time
"Glavine,Tom",ATL,lhp,21.052
"Moyer,Jamie",PHI,lhp,20.126
"Smoltz,John",BOS,rhp,20.072
"Sheffield,Gary",DET,of,20.031
"Gordon,Tom",ARZ,rhp,20.026
"Johnson,Randy",SF,lhp,20.020
"Griffey Jr.,Ken",SEA,of,20.000
"Rodriguez,Ivan",HOU,c,17.109
"Thome,Jim",CWS,1b,16.042
"Rhodes,Arthur",CIN,lhp,16.016
"Hoffman,Trevor",MIL,rhp,16.000
"Hampton,Mike",HOU,lhp,15.073
"Ausmus,Brad",LAD,c,15.070
"Weathers,David",CIN,rhp,15.044
"Ramirez,Manny",LAD,of-dh,15.033
"Jones,Chipper",ATL,3b,15.024
"Wakefield,Tim",BOS,rhp,15.006
"Floyd,Cliff",SD,of,14.170
"Brocail,Doug",HOU,rhp,14.134
"Embree,Alan",COL,lhp,14.059
"Anderson,Garret",ATL,of,14.049
"Rodriguez,Alex",NYY,3b,14.011
"Delgado,Carlos",NYM,1b,14.002
"Pettitte,Andy",NYY,lhp,14.000
"Springer,Russ",OAK,rhp,13.128
"Oliver,Darren",LAA,lhp,13.127
"Rivera,Mariano",NYY,rhp,13.105
"Percival,Troy",TB,rhp,13.097
"Giambi,Jason",OAK,1b,13.095
"Zaun,Gregg",BAL,c,13.093
"Stairs,Matt",PHI,1b-of,13.077
"Schmidt,Jason",LAD,rhp,13.063
"Damon,Johnny",NYY,of,13.051
"Jeter,Derek",NYY,ss,13.043
"Loretta,Mark",LAD,ss,13.011
"Kendall,Jason",MIL,c,13.000
"Clark,Tony",ARZ,1b,12.144
"Renteria,Edgar",SF,ss,12.143
"Wagner,Billy",NYM,lhp,12.139
"Giles,Brian",SD,of,12.096
"Posada,Jorge",NYY,c,12.085
"Dye,Jermaine",CWS,of,12.084
"Erstad,Darin",HOU,of,12.077
"Rolen,Scott",TOR,3b,12.060
"Hawkins,LaTroy",HOU,rhp,12.054
"Park,Chan Ho",PHI,rhp,12.050
"Cameron,Mike",MIL,of,12.036
"Garciaparra,Nomar",OAK,inf,12.030
"Guerrero,Vladimir",LAA,of,12.018
"Young,Dmitri",WAS,of,12.008
"Abreu,Bobby",LAA,of,11.165
"Suppan,Jeff",MIL,rhp,11.164
"Lowe,Derek",ATL,rhp,11.100
"Carpenter,Chris",STL,rhp,11.080
"Colon,Bartolo",CWS,rhp,11.068
"Helton,Todd",COL,1b,11.059
"Millwood,Kevin",TEX,rhp,11.059
"Castillo,Luis",NYM,2b,11.055
"Guillen,Jose",KCA,of,11.051
"Batista,Miguel",SEA,rhp,11.045
"Escobar,Kelvim",LAA,rhp,11.040
"Counsell,Craig",MIL,inf,11.037
"Tejada,Miguel",HOU,ss,11.033
"Ordonez,Magglio",DET,of,11.032
"Ibanez,Raul",PHI,of,11.020
"Varitek,Jason",BOS,c,11.020
"Kotsay,Mark",BOS,1b-of,11.018
"Moehler,Brian",HOU,rhp,11.010
"Catalanotto,Frank",TEX,2b,10.171
"Wood,Kerry",CLE,rhp,10.169
"Pavano,Carl",CLE,rhp,10.161
"Konerko,Paul",CWS,1b,10.141
"Vazquez,Javier",ATL,rhp,10.141
"Bako,Paul",CHC,c,10.140
"Blanco,Henry",SD,c,10.136
"Redmond,Mike",MIN,c,10.129
"Lee,Derrek",CHC,1b,10.125
"Cabrera,Orlando",OAK,ss,10.123
"Jenkins,Geoff",PHI,of,10.109
"Dellucci,David",CLE,of,10.097
"Beltre,Adrian",SEA,3b,10.096
"Polanco,Placido",DET,2b,10.064
"Dempster,Ryan",CHC,rhp,10.063
"Glaus,Troy",STL,3b,10.060
"Ortiz,David",BOS,1b-dh,10.048
"Boone,Aaron",HOU,3b,10.039
"Reyes,Dennys",STL,lhp,10.039
"Gonzalez,Alex",CIN,ss,10.034
"Chavez,Eric",OAK,3b,10.020
"Drew,J.D.",BOS,of,10.020
"Lowell,Mike",BOS,3b,10.020
"Beltran,Carlos",NYM,of,10.014
"Looper,Braden",MIL,rhp,10.012
"Guillen,Carlos",DET,1b-ss,10.000
"Guzman,Christian",WAS,ss,10.000
"Winn,Randy",SF,of,10.000
"Norton,Greg",ATL,3b,9.163
"Belliard,Ron",WAS,2b,9.162
"Cora,Alex",NYM,ss,9.161
"Lee,Carlos",HOU,of,9.150
"Hunter,Torii",LAA,of,9.135
"Washburn,Jarrod",SEA,lhp,9.131
"Hudson,Tim",ATL,rhp,9.119
"Wolf,Randy",LAD,lhp,9.115
"Dotel,Octavio",CWS,rhp,9.113
"Ramirez,Aramis",CHC,3b,9.111
"Schoeneweis,Scott",ARZ,lhp,9.111
"Farnsworth,Kyle",KCA,rhp,9.100
"Hernandez,Ramon",CIN,c,9.099
"Eyre,Scott",PHI,lhp,9.088
"Mora,Melvin",BAL,3b,9.088
"Speier,Justin",LAA,rhp,9.082
"Howry,Bobby",SF,rhp,9.079
"Molina,Benji",SF,c,9.077
"Anderson,Marlon",NYM,2b-of,9.076
"Blum,Geoff",HOU,ss,9.056
"Berkman,Lance",HOU,1b-of,9.052
"Halladay,Roy",TOR,rhp,9.047
"Cordero,Francisco",CIN,rhp,9.046
"Burnett,A.J.",NYY,rhp,9.038
"Helms,Wes",FLA,1b,9.018
"Ryan,B.J.",TOR,lhp,9.003
"Furcal,Rafael",LAD,ss-2b,9.000
"Penny,Brad",BOS,rhp,9.000
"Mota,Guillermo",LAD,rhp,8.159
"Lugo,Julio",BOS,ss,8.152
"LaRue,Jason",STL,c,8.150
"Burrell,Pat",TB,of,8.131
"Hairston Jr.,Jerry",CIN,2b-of,8.127
"Walker,Jamie",BAL,lhp,8.125
"Santana,Johan",NYM,lhp,8.122
"Riske,David",MIL,rhp,8.116
"Padillia,Vicente",TEX,rhp,8.105
"Matthews Jr.,Gary",LAA,of,8.104
"Lilly,Ted",CHC,lhp,8.102
"Pierzynski,A.J.",CWS,c,8.100
"Miller,Trever",STL,lhp,8.095
"Soriano,Alfonso",CHC,of,8.079
"Buehrle,Mark",CWS,lhp,8.078
"Bradford,Chad",TB,rhp,8.075
"Zito,Barry",SF,lhp,8.072
"Garland,Jon",ARZ,rhp,8.071
"DeRosa,Mark",CLE,2b,8.061
"Pierre,Juan",LAD,of,8.056
"Romero,J.C.",PHI,lhp,8.055
"Johnson,Nick",WAS,1b,8.041
"Feliz,Pedro",PHI,3b,8.031
"Meche,Gil",KCA,rhp,8.029
"Kapler,Gabe",TB,of,8.025
"Franklin,Ryan",STL,rhp,8.022
"Rollins,Jimmy",PHI,ss,8.015
"Marquis,Jason",COL,rhp,8.012
"Huff,Aubrey",BAL,inf/dh,8.003
"Barajas,Rod",TOR,c,8.000
"Eckstein,David",SD,ss,8.000
"Pujols,Albert",STL,1b,8.000
"Sabathia,CC",NYY,lhp,8.000
"Suzuki,Ichiro",SEA,of,8.000
"Bradley,Milton",CHC,of,7.169
"Lamb,Mike",MIL,3b,7.168
"Castro,Ramon",NYM,c,7.152
"Oswalt,Roy",HOU,rhp,7.149
"Branyan,Russell",SEA,3b,7.147
"Wilson,Jack",PIT,ss,7.147
"Pineiro,Joel",STL,rhp,7.144
"Westbrook,Jake",CLE,rhp,7.144
"Vizcaino,Luis",CHC,rhp,7.140
"Davis,Doug",ARZ,lhp,7.138
"Mahay,Ron",KCA,lhp,7.137
"Young,Michael",TEX,inf,7.134
"Schneider,Brian",NYM,c,7.125
"Marte,Damaso",NYY,lhp,7.122
"Nathan,Joe",MIN,rhp,7.120
"McDonald,John",TOR,inf,7.118
"Wells,Vernon",TOR,of,7.113
"Inge,Brandon",DET,3b,7.109
"Tatis,Fernando",NYM,3b,7.105
"Baez,Danys",BAL,rhp,7.102
"Lohse,Kyle",STL,rhp,7.092
"Byrnes,Eric",ARZ,of,7.075
"Dunn,Adam",WAS,of,7.074
"Izturis,Cesar",BAL,ss,7.074
"Rowand,Aaron",SF,of,7.065
"Zambrano,Carlos",CHC,rhp,7.042
"Beckett,Josh",BOS,rhp,7.030
"Torrealba,Yorvit",COL,c,7.030
"Molina,Jose",NYY,c,7.026
"Linebrink,Scott",CWS,rhp,7.016
"Michaels,Jason",HOU,of,7.016
"Affeldt,Jeremy",SF,lhp,7.000
"Hinske,Eric",PIT,inf-of,7.000
"Silva,Carlos",SEA,rhp,7.000
"Arroyo,Bronson",CIN,rhp,6.150
"Shields,Scot",LAA,rhp,6.146
"Kearns,Austin",WAS,of,6.145
"Lyon,Brandon",DET,rhp,6.142
"Blake,Casey",LAD,3b,6.138
"Ellis,Mark",OAK,2b,6.136
"Shouse,Brian",TB,lhp,6.133
"Roberts,Brian",BAL,2b,6.131
"Lincoln,Mike",CIN,rhp,6.126
"Fuentes,Brian",LAA,lhp,6.125
"Crede,Joe",MIN,3b,6.124
"Downs,Scott",TOR,lhp,6.121
"Cruz,Juan",KCA,rhp,6.101
"Peavy,Jake",SD,rhp,6.101
"Pena,Wily Mo",WAS,of,6.101
"Lackey,John",LAA,rhp,6.095
"Everett,Adam",DET,ss,6.091
"Crawford,Carl",TB,of,6.072
"Hudson,Orlando",LAD,2b,6.068
"Myers,Brett",PHI,rhp,6.068
"Chavez,Endy",SEA,of,6.065
"Blalock,Hank",TEX,inf-dh,6.064
"Julio,Jorge",MIL,rhp,6.062
"Harang,Aaron",CIN,rhp,6.061
"Soriano,Rafael",ATL,rhp,6.057
"Hendrickson,Mark",BAL,lhp,6.056
"Benoit,Joaquin",TEX,rhp,6.054
"Beimel,Joe",WAS,lhp,6.053
"Punto,Nick",MIN,inf,6.051
"Rivera,Juan",LAA,of,6.047
"Wheeler,Dan",TB,rhp,6.047
"Lidge,Brad",PHI,rhp,6.043
"Perez,Oliver",NYM,lhp,6.034
"Bloomquist,Willie",KCA,inf,6.029
"Lopez,Felipe",ARZ,inf,6.027
"Overbay,Lyle",TOR,1b,6.026
"Vazquez,Ramon",PIT,ss,6.026
"Carroll,Jamey",CLE,inf,6.020
"Cook,Aaron",COL,rhp,6.020
"Rodriguez,Francisco",NYM,rhp,6.015
"Ramirez,Horacio",KCA,lhp,6.013
"Hafner,Travis",CLE,dh,6.009
"Ross,David",ATL,c,6.001
"Ayala,Luis",MIN,rhp,6.000
"Baldelli,Rocco",BOS,of,6.000
"Bonderman,Jeremy",DET,rhp,6.000
"Matsui,Hideki",NYY,of,6.000
"Teixeira,Mark",NYY,1b,6.000
"Bedard,Erik",SEA,lhp,5.171
"Olivo,Miguel",KCA,c,5.171
"Wigginton,Ty",BAL,3b,5.169
"Crisp,Covelli",KCA,of,5.158
"Webb,Brandon",ARZ,rhp,5.158
"Cuddyer,Michael",MIN,of,5.157
"Contreras,Jose",CWS,rhp,5.152
"Figgins,Chone",LAA,inf,5.145
"Johnson,Reed",CHC,of,5.145
"Freel,Ryan",BAL,inf,5.140
"Harris,Willie",WAS,2b-of,5.140
"Scutaro,Marcos",TOR,inf,5.138
"Rodney,Fernando",DET,rhp,5.137
"Pena,Carlos",TB,1b,5.133
"Infante,Omar",ATL,inf,5.120
"Martinez,Victor",CLE,c,5.114
"Reyes,Jose",NYM,inf,5.111
"Werth,Jayson",PHI,of,5.102
"Cabrera,Miguel",DET,1b,5.101
"Lee,Cliff",CLE,lhp,5.100
"Hall,Bill",MIL,3b,5.099
"Valverde,Jose",HOU,rhp,5.090
"Backe,Brandon",HOU,rhp,5.088
"Bay,Jason",BOS,of,5.080
"Betancourt,Rafael",CLE,rhp,5.079
"Harden,Rich",CHC,rhp,5.074
"Willis,Dontrelle",DET,lhp,5.073
"Robertson,Nate",DET,lhp,5.065
"Nady,Xavier",NYY,of,5.059
"Gload,Ross",KCA,1b,5.055
"Sanchez,Freddy",PIT,2b,5.052
"Duchscherer,Justin",OAK,rhp,5.051
"Byrd,Marlon",TEX,of,5.045
"Quinlan,Robb",LAA,inf,5.040
"Ankiel,Rick",STL,of,5.033
"Vargas,Claudio",LAD,rhp,5.031
"Crosby,Bobby",OAK,ss,5.029
"Greene,Khalil",STL,ss,5.027
"Madson,Ryan",PHI,rhp,5.027
"Miles,Aaron",CHC,inf,5.027
"Utley,Chase",PHI,2b,5.027
"Putz,J.J.",NYM,rhp,5.022
"Grabow,John",PIT,lhp,5.016
"Gonzalez,Mike",ATL,lhp,5.014
"Wellemeyer,Todd",STL,rhp,5.009
"Gregg,Kevin",CHC,rhp,5.002
"Holliday,Matt",OAK,of,5.000
"LaRoche,Adam",PIT,1b,5.000
"Mauer,Joe",MIN,c,5.000
"Tracy,Chad",ARZ,inf,5.000
"Morneau,Justin",MIN,1b,4.168
"Redding,Tim",NYM,rhp,4.167
"MacDougal,Mike",CWS,rhp,4.160
"Haren,Dan",ARZ,rhp,4.154
"DeJesus,David",KCA,of,4.146
"Cabrera,Daniel",WAS,rhp,4.134
"Frasor,Jason",TOR,rhp,4.134
"Rios,Alex",TOR,of,4.130
"Thornton,Matt",CWS,lhp,4.129
"Lopez,Javier",BOS,lhp,4.126
"Rauch,Jon",ARZ,rhp,4.126
"Heilman,Aaron",CHC,rhp,4.123
"Molina,Yadier",STL,c,4.123
"Peralta,Jhonny",CLE,inf,4.118
"Seay,Bobby",DET,lhp,4.118
"Lowry,Noah",SF,lhp,4.113
"Matsui,Kazuo",HOU,2b,4.111
"McClung,Seth",MIL,rhp,4.111
"Thames,Marcus",DET,of,4.108
"Bruntlett,Eric",PHI,inf,4.102
"Durbin,Chad",PHI,rhp,4.102
"Buck,John",KCA,c,4.101
"Balfour,Grant",TB,rhp,4.099
"Geary,Geoff",HOU,rhp,4.098
"Amezaga,Alfredo",FLA,inf,4.097
"Gerut,Jody",SD,of,4.096
"Santiago,Ramon",DET,inf,4.095
"Treanor,Matt",DET,c,4.093
"Youkilis,Kevin",BOS,1b-3b,4.093
"Betemit,Wilson",CWS,inf,4.078
"Laird,Gerald",DET,c,4.077
"Wright,David",NYM,3b,4.075
"Atkins,Garrett",COL,inf,4.072
"Crain,Jesse",MIN,rhp,4.064
"Feliciano,Pedro",NYM,lhp,4.059
"Hawpe,Brad",COL,of,4.058
"Qualls,Chad",ARZ,rhp,4.058
"Greinke,Zack",KCA,rhp,4.057
"Guerrier,Matt",MIN,rhp,4.056
"Sizemore,Grady",CLE,of,4.056
"Francisco,Frank",TEX,rhp,4.053
"Bush,David",MIL,rhp,4.052
"Yates,Tyler",PIT,rhp,4.050
"Snyder,Chris",ARZ,c,4.047
"Kazmir,Scott",TB,lhp,4.042
"Young,Chris",SD,rhp,4.041
"Francis,Jeff",COL,lhp,4.040
"Izturis,Maicer",LAA,inf,4.038
"Cantu,Jorge",FLA,3b,4.036
"Swisher,Nick",NYY,inf-of,4.031
"Cotts,Neal",CHC,lhp,4.028
"Taveras,Willy",CIN,of,4.028
"Phillips,Brandon",CIN,ss,4.022
"Blanton,Joe",PHI,rhp,4.016
"De La Rosa,Jorge",COL,lhp,4.015
"Proctor,Scott",FLA,rhp,4.010
"Kubel,Jason",MIN,of,4.009
"Gaudin,Chad",CHC,rhp,4.004
"Hardy,J.J.",MIL,ss,4.000
"Street,Huston",COL,rhp,4.000
"Camp,Shawn",TOR,rhp,3.170
"Ojeda,Augie",ARZ,ss,3.169
"Bautista,Jose",TOR,3b,3.165
"Bruney,Brian",NYY,rhp,3.164
"Wang,Chien-Ming",NYY,rhp,3.159
"Diaz,Matt",ATL,of,3.157
"Teahen,Mark",KCA,inf-of,3.155
"Cormier,Lance",TB,rhp,3.154
"Cano,Robinson",NYY,2b,3.153
"Church,Ryan",NYM,of,3.152
"Byrdak,Tim",HOU,lhp,3.150
"Sherrill,George",BAL,lhp,3.147
"Tallet,Brian",TOR,lhp,3.146
"Howard,Ryan",PHI,1b,3.145
"Kotchman,Casey",ATL,1b,3.144
"Lopez,Jose",SEA,ss/2b,3.140
"Wuertz,Michael",OAK,rhp,3.139
"Hill,Aaron",TOR,ss,3.136
"Weeks,Rickie",MIL,2b,3.131
"Johnson,Kelly",ATL,inf,3.127
"Willingham,Josh",WAS,of,3.123
"Barmes,Clint",COL,ss,3.122
"Doumit,Ryan",PIT,c,3.120
"Grilli,Jason",COL,rhp,3.118
"McCann,Brian",ATL,c,3.117
"Gross,Gabe",TB,of,3.114
"Ray,Chris",BAL,rhp,3.112
"Thompson,Brad",STL,rhp,3.110
"Ludwick,Ryan",STL,of,3.109
"Gonzalez,Adrian",SD,1b,3.108
"Rodriguez,Wandy",HOU,lhp,3.105
"Sullivan,Cory",NYM,of,3.105
"Santana,Ervin",LAA,rhp,3.104
"Navarro,Dioner",TB,c,3.103
"Hairston,Scott",SD,of,3.102
"Kensing,Logan",FLA,rhp,3.102
"Olsen,Scott",WAS,lhp,3.101
"Peralta,Joel",KCA,rhp,3.100
"Bell,Heath",SD,rhp,3.099
"Duke,Zach",PIT,lhp,3.094
"Victorino,Shane",PHI,of,3.092
"Jenks,Bobby",CWS,rhp,3.090
"Accardo,Jeremy",TOR,rhp,3.088
"Francoeur,Jeff",ATL,of,3.088
"Snell,Ian",PIT,rhp,3.088
"Waechter,Doug",KCA,rhp,3.087
"Bartlett,Jason",TB,ss,3.086
"Encarnacion,Edwin",CIN,3b,3.085
"Granderson,Curtis",DET,of,3.077
"Jackson,Edwin",DET,rhp,3.070
"Fielder,Prince",MIL,1b,3.068
"Betancourt,Yuniesky",SEA,2b,3.067
"Jackson,Conor",ARZ,3b,3.067
"Gathright,Joey",CHC,of,3.064
"Papelbon,Jonathan",BOS,rhp,3.064
"Hernandez,Felix",SEA,rhp,3.060
"Ross,Cody",FLA,of,3.058
"McLouth,Nate",PIT,of,3.056
"McCarthy,Brandon",TEX,rhp,3.055
"Wilson,C.J.",TEX,lhp,3.055
"Jacobs,Mike",KCA,1b,3.047
"Davies,Kyle",KCA,rhp,3.046
"Wise,DeWayne",CWS,of,3.046
"Rodriguez,Luis",SD,inf,3.044
"Cain,Matt",SF,rhp,3.038
"Hart,Corey",MIL,of,3.038
"Maholm,Paul",PIT,lhp,3.037
"Dobbs,Greg",PHI,inf,3.035
"Hermida,Jeremy",FLA,of,3.033
"Repko,Jason",LAD,of,3.033
"Zimmerman,Ryan",WAS,3b,3.032
"Cedeno,Ronny",SEA,inf,3.029
"Wainwright,Adam",STL,rhp,3.027
"Johnson,Josh",FLA,rhp,3.026
"Coffey,Todd",MIL,rhp,3.024
"Shoppach,Kelly",CLE,c,3.021
"Broxton,Jonathan",LAD,rhp,3.020
"McPherson,Dallas",FLA,3b,3.020
"Capps,Matt",PIT,rhp,3.017
"Bale,John",KCA,lhp,3.016
"Nelson,Joe",TB,rhp,3.016
"Reed,Jeremy",NYM,of,3.016
"Ramirez,Hanley",FLA,ss,3.014
"Maine,John",NYM,rhp,3.013
"Condrey,Clay",PHI,rhp,3.012
"Cust,Jack",OAK,of,3.002
"Verlander,Justin",DET,rhp,3.002
"Johjima,Kenji",SEA,c,3.000
"Kinsler,Ian",TEX,2b,3.000
"Markasis,Nick",BAL,of,3.000
"Saito,Takashi",BOS,rhp,3.000
"Uggla,Dan",FLA,2b,3.000
"Zumaya,Joel",DET,rhp,3.000
"Carmona,Fausto",CLE,rhp,2.169
"Bannister,Brian",KCA,rhp,2.158
"Aybar,Willy",TB,inf,2.153
"Ethier,Andre",LAD,of,2.153
"Napoli,Mike",LAA,c,2.151
"Martin,Russell",LAD,c,2.150
"Cabrera,Melky",NYY,of,2.148
"Taschner,Jack",PHI,lhp,2.146
"League,Brandon",TOR,rhp,2.145
"Duncan,Chris",STL,of-1b,2.144
"Pagan,Angel",NYM,of,2.144
"Scott,Luke",BAL,of,2.144
"Hamels,Cole",PHI,lhp,2.143
"Nolasco,Ricky",FLA,rhp,2.142
"Quintero,Humberto",HOU,c,2.141
"Buchholz,Taylor",COL,rhp,2.140
"Carrasco,DJ",CWS,rhp,2.139
"Rivera,Saul",WAS,rhp,2.137
"Delcarmen,Manny",BOS,rhp,2.133
"Guthrie,Jeremy",BAL,rhp,2.130
"Weaver,Jared",LAA,rhp,2.129
"Ardoin,Danny",LAD,c,2.128
"Baker,Scott",MIN,rhp,2.128
"Marcum,Shaun",TOR,rhp,2.128
"Upton,B.J.",TB,of,2.126
"Green,Sean",NYM,rhp,2.125
"Shields,James",TB,rhp,2.125
"Boyer,Blaine",ATL,rhp,2.122
"Theriot,Ryan",CHC,inf,2.118
"Kuo,Hong-Chih",LAD,lhp,2.114
"McGowan,Dustin",TOR,rhp,2.113
"Ramirez,Ramon",BOS,rhp,2.113
"Barfield,Josh",CLE,2b,2.112
"Harris,Brendan",MIN,inf,2.112
"Paulino,Ronny",FLA,c,2.112
"Rupe,Josh",TEX,rhp,2.111
"Billingsley,Chad",LAD,rhp,2.110
"Bergmann,Jason",WAS,rhp,2.109
"Nunez,Leo",FLA,rhp,2.108
"Meredith,Cla",SD,rhp,2.107
"Murton,Matt",COL,of,2.107
"Liriano,Francisco",MIN,lhp,2.104
"Bonser,Boof",MIN,rhp,2.102
"Tejeda,Robinson",KCA,rhp,2.102
"Kendrick,Howie",LAA,2b,2.101
"Guzman,Angel",CHC,rhp,2.095
"Janssen,Casey",TOR,rhp,2.094
"Nieves,Wil",WAS,c,2.092
"Bray,Bill",CIN,lhp,2.091
"Feldman,Scott",TEX,rhp,2.091
"Garko,Ryan",CLE,inf,2.091
"Marshall,Sean",CHC,lhp,2.088
"Lowe,Mark",SEA,rhp,2.087
"Neshek,Pat",MIN,rhp,2.087
"Aybar,Erick",LAA,ss,2.086
"Burnett,Sean",PIT,lhp,2.085
"Pena Jr.,Tony",KCA,ss,2.085
"Marmol,Carlos",CHC,rhp,2.084
"Frandsen,Kevin",SF,2b-ss,2.083
"Pinto,Renyel",FLA,lhp,2.083
"Aardsma,David",SEA,rhp,2.082
"Rivera,Mike",MIL,c,2.081
"Gutierrez,Franklin",SEA,of,2.080
"Drew,Stephen",ARZ,ss,2.079
"Anderson,Brian",CWS,of,2.078
"Miner,Zach",DET,rhp,2.078
"Coste,Chris",PHI,c,2.077
"Corpas,Manuel",COL,rhp,2.076
"Pena,Tony",ARZ,rhp,2.076
"Lester,Jon",BOS,lhp,2.075
"Gorzelanny,Tom",PIT,lhp,2.074
"Baek,Cha Seung",SD,rhp,2.072
"Logan,Boone",ATL,lhp,2.072
"Spilborghs,Ryan",COL,of,2.072
"Willits,Reggie",LAA,of,2.072
"Sanchez,Jonathan",SF,lhp,2.071
"Ruiz,Carlos",PHI,c,2.069
"Morse,Michael",SEA,of,2.066
"Quentin,Carlos",CWS,of,2.065
"Denorfia,Chris",OAK,of,2.064
"Moylan,Peter",ATL,rhp,2.061
"Kinney,Josh",STL,rhp,2.058
"Carlyle,Buddy",ATL,rhp,2.055
"Sampson,Chris",HOU,rhp,2.053
"Villanueva,Carlos",MIL,rhp,2.053
"Keppinger,Jeff",CIN,inf,2.052
"Schumaker,Skip",STL,inf-of,2.051
"Baker,Jeff",COL,3b,2.049
"Kemp,Matt",LAD,of,2.049
"Floyd,Gavin",CWS,rhp,2.045
"Young,Chris",ARZ,of,2.045
"Hopper,Norris",CIN,inf-of,2.043
"Hill,Rich",BAL,lhp,2.041
"Pedroia,Dustin",BOS,2b-ss,2.041
"Young,Delmon",MIN,of,2.034
"Tulowitzki,Troy",COL,ss,2.033
"Montero,Miguel",ARZ,c,2.031
"Slaten,Doug",ARZ,lhp,2.031
"Kouzmanoff,Kevin",SD,3b,2.030
"Iannetta,Chris",COL,c,2.029
"Shealy,Ryan",KCA,1b,2.029
"Bourn,Michael",HOU,of,2.028
"Reyes,Anthony",CLE,rhp,2.027
"Perez,Rafael",CLE,lhp,2.026
"Veras,Jose",NYY,rhp,2.025
"Tankersley,Taylor",FLA,lhp,2.022
"Saunders,Joe",LAA,lhp,2.013
"Bennett,Jeff",ATL,rhp,2.012
"Casilla,Santiago (Garcia,Jairo)",OAK,rhp,2.012
"Loney,James",LAD,1b,2.012
"Mathis,Jeff",LAA,c,2.012
"Burres,Brian",TOR,lhp,2.011
"Howell,J.P.",TB,lhp,2.007
"Hill,Koyie",CHC,c,2.006
"Milledge,Lastings",WAS,of,2.004
"Burton,Jared",CIN,rhp,2.000
"Chico,Matt",WAS,lhp,2.000
"Danks,John",CWS,lhp,2.000
"Gordon,Alex",KCA,3b,2.000
"Hamilton,Josh",TEX,of,2.000
"Iwamura,Akinori",TB,3b,2.000
"Lindstrom,Matt",FLA,rhp,2.000
"Matsuzaka,Daisuke",BOS,rhp,2.000
"Okajima,Hideki",BOS,lhp,2.000
"Sanchez,Humberto",NYY,rhp,2.000
"Soria,Joakim",KCA,rhp,2.000
"Devine,Joey",OAK,rhp,1.171
"Albers,Matt",BAL,rhp,1.170
"Vargas,Jason",SEA,lhp,1.169
"Wilson,Brian",SF,rhp,1.169
"Davis,Rajai",OAK,of,1.167
"Eveland,Dana",OAK,lhp,1.167
"Eyre,Willie",TEX,rhp,1.163
"Adams,Mike",SD,rhp,1.161
"Quintanilla,Omar",COL,ss,1.159
"Flores,Jesus",WAS,c,1.158
"Hampson,Justin",SD,lhp,1.157
"Riggans,Shawn",TB,c,1.157
"Pence,Hunter",HOU,of,1.156
"Ransom,Cody",NYY,inf,1.156
"Perkins,Glen",MIN,lhp,1.155
"Hammel,Jason",TB,rhp,1.153
"Hirsh,Jason",COL,rhp,1.153
"Garza,Matt",TB,rhp,1.149
"Lincecum,Tim",SF,rhp,1.148
"Massett,Nick",CIN,rhp,1.146
"Karstens,Jeffrey",PIT,rhp,1.144
"Gomez,Carlos",MIN,of,1.141
"Nippert,Dustin",TEX,rhp,1.140
"Fontenot,Mike",CHC,2b,1.139
"Jones,Adam",BAL,of,1.139
"Morrow,Brandon",SEA,rhp,1.139
"Owings,Micah",CIN,rhp,1.139
"Gabbard,Kason",TEX,lhp,1.138
"Reynolds,Mark",ARZ,inf,1.138
"Saltalamacchia,Jarrod",TEX,c,1.137
"Callaspo,Alberto",KCA,2b,1.135
"Costa,Shane",KCA,of,1.135
"Sanchez,Anibal",FLA,rhp,1.133
"Zobrist,Ben",TB,ss,1.133
"Smith,Joe",CLE,rhp,1.132
"Rabelo,Mike",FLA,c,1.130
"Braun,Ryan",MIL,of,1.129
"Lewis,Fred",SF,of,1.129
"Sowers,Jeremy",CLE,lhp,1.128
"Hughes,Phil",NYY,rhp,1.125
"Miller,Andrew",FLA,lhp,1.122
"Pelfrey,Mike",NYM,rhp,1.122
"Escobar,Yuniel",ATL,ss,1.121
"Sonnanstine,Andy",TB,rhp,1.121
"Volquez,Edinson",CIN,rhp,1.120
"Choo,Shin Soo",CLE,of,1.119
"Inglett,Joe",TOR,inf,1.118
"Mujica,Edward",CLE,rhp,1.115
"Suzuki,Kurt",OAK,c,1.113
"Kendrick,Kyle",PHI,rhp,1.110
"Petit,Yusmeiro",ARZ,rhp,1.110
"Zagurski,Mike",PHI,lhp,1.110
"Cancel,Robinson",NYM,c,1.109
"Raburn,Ryan",DET,of,1.109
"Gallardo,Yovani",MIL,rhp,1.108
"Moseley,Dustin",LAA,rhp,1.108
"Prado,Martin",ATL,2b,1.105
"Butler,Billy",KCA,1b-of,1.102
"Campillo,Jorge",ATL,rhp,1.101
"Litsch,Jesse",TOR,rhp,1.098
"Hoey,James",BAL,rhp,1.097
"Soto,Geovany",CHC,c,1.096
"Pena,Brayan",KCA,c,1.095
"Rowland-Smith,Ryan",SEA,lhp,1.093
"Breslow,Craig",MIN,lhp,1.088
"Jimenez,Ubaldo",COL,rhp,1.087
"Murphy,David",TEX,of,1.087
"Abreu,Tony",LAD,2b,1.085
"Lind,Adam",TOR,of,1.085
"Casilla,Alexi",MIN,inf,1.084
"Stokes,Brian",NYM,rhp,1.084
"Dukes,Elijah",WAS,of,1.083
"O'Connor,Mike",WAS,lhp,1.083
"Cruz,Nelson",TEX,of,1.082
"Ryan,Brendan",STL,ss,1.082
"Wolfe,Brian",TOR,lhp,1.081
"Martinez,Carlos",FLA,rhp,1.080
"Speier,Ryan",COL,rhp,1.080
"Gwynn,Anthony",MIL,of,1.079
"Hansen,Craig",PIT,rhp,1.079
"Parra,Manny",MIL,lhp,1.077
"Buck,Travis",OAK,of,1.075
"Arias,Joaquin",TEX,ss,1.069
"Young,Delwyn",LAD,of,1.068
"Hanrahan,Joel",WAS,rhp,1.065
"Slowey,Kevin",MIN,rhp,1.063
"O'Flaherty,Eric",ATL,lhp,1.062
"Salas,Juan",CLE,rhp,1.062
"Morales,Kendry",LAA,inf-of,1.060
"Upton,Justin",ARZ,of,1.060
"Andino,Robert",FLA,inf,1.057
"Hannahan,Jack",OAK,3b,1.057
"Chamberlain,Joba",NYY,rhp,1.055
"Sweeney,Ryan",OAK,of,1.053
"Acosta,Manny",ATL,rhp,1.052
"Lewis,Jensen",CLE,rhp,1.052
"Littleton,Wes",MIL,rhp,1.052
"Ramirez,Edwar",NYY,rhp,1.051
"Dumatrait,Phil",PIT,lhp,1.050
"Sarfate,Dennis",BAL,rhp,1.050
"Francisco,Ben",CLE,of,1.049
"Gallagher,Sean",OAK,rhp,1.047
"Jurrjens,Jair",ATL,rhp,1.047
"Reyes,Jo-Jo",ATL,lhp,1.046
"Romero,Davis",TOR,lhp,1.046
"Corcoran,Roy",SEA,rhp,1.044
"Blackley,Travis",ARZ,lhp,1.042
"Jimenez,Cesar",SEA,lhp,1.042
"Lannan,John",WAS,lhp,1.040
"Braden,Dallas",OAK,lhp,1.039
"Nieve,Fernando",NYM,rhp,1.038
"Ellsbury,Jacoby",BOS,of,1.037
"Valdez,Merkin",SF,rhp,1.033
"Olson,Garrett",SEA,lhp,1.030
"Carroll,Brett",FLA,of,1.029
"Blackburn,Nick",MIN,rhp,1.028
"Albaladejo,Jonathan",NYY,rhp,1.027
"Cabrera,Asdrubal",CLE,2b-ss,1.027
"Paulino,Felipe",HOU,rhp,1.027
"Votto,Joey",CIN,1b,1.027
"LaRoache,Andy",PIT,3b,1.026
"Owens,Jerry",CWS,of,1.023
"Barton,Daric",OAK,inf,1.021
"Galarraga,Armando",DET,rhp,1.019
"Hochevar,Luke",KCA,rhp,1.019
"Brackman,Andrew",NYY,rhp,1.016
"Mendoza,Luis",TEX,rhp,1.014
"Metcalf,Travis",TEX,3b,1.014
"Buscher,Brian",MIN,3b,1.013
"Pie,Felix",BAL,of,1.012
"Fields,Josh",CWS,3b,1.010
"Schroder,Chris",OAK,rhp,1.010
"Johnson,Jim",BAL,rhp,1.008
"Hessman,Mike",DET,inf,1.001
"Badenhop,Burke",FLA,rhp,1.000
"Barton,Brian",STL,of,1.000
"Blanco,Gregor",ATL,of,1.000
"Carlson,Jesse",TOR,lhp,1.000
"Cueto,Johnny",CIN,rhp,1.000
"Fukudome,Kosuke",CHC,of,1.000
"Kobayahsi,Masahide",CLE,rhp,1.000
"Kuroda,Hiroki",LAD,rhp,1.000
"McClellan,Kyle",STL,rhp,1.000
"Ramirez,Alexei",CWS,of,1.000
"Smith,Greg",COL,lhp,1.000
"Tolbert,Matt",MIN,inf,1.000
"Wright,Wesley",HOU,lhp,1.000
"Moss,Brandon",PIT,of,0.171
"Longoria,Evan",TB,3b,0.170
"Bass,Brian",BAL,rhp,0.168
"Hernandez,Anderson",WAS,inf,0.165
"Burriss,Emmanuel",SF,ss,0.162
"Velez,Eugenio",SF,inf,0.162
"Coutlangus,Jon",ARZ,lhp,0.161
"Jimenez,Kelvin",CWS,rhp,0.161
"Misch,Pat",SF,lhp,0.159
"Stults,Eric",LAD,lhp,0.159
"Wade,Cory",LAD,rhp,0.158
"Wassermann,Ehren",CWS,rhp,0.157
"Gonzalez,Alberto",WAS,ss,0.155
"Buchholz,Clay",BOS,rhp,0.154
"Stewart,Ian",COL,3b,0.154
"Boggs,Brandon",TEX,of,0.153
"Bowker,John",SF,inf,0.151
"Clement,Jeff",SEA,c,0.150
"DeWitt,Blake",LAD,inf,0.150
"Dolsi,Freddy",DET,rhp,0.148
"Budde,Ryan",LAA,c,0.147
"Laffey,Aaron",CLE,lhp,0.147
"Richar,Danny",CIN,2b,0.146
"Ryu,Jae-Kuk",CLE,rhp,0.146
"Giese,Dan",NYY,rhp,0.145
"Holm,Steve",SF,c,0.144
"Knight,Brandon",NYM,rhp,0.143
"Arredondo,Jose",LAA,rhp,0.142
"Towles,J.R.",HOU,c,0.142
"Loux,Shane",LAA,rhp,0.141
"Gonzalez,Edgar",SD,inf,0.140
"Ohlendorf,Ross",PIT,rhp,0.139
"Hinshaw,Alex",SF,lhp,0.137
"Perez,Chris",STL,rhp,0.136
"Feierabend,Ryan",SEA,lhp,0.135
"Casto,Kory",WAS,3b,0.132
"Balentien,Wladimir",SEA,of,0.131
"Hu,Chin-Lung",LAD,ss,0.131
"Liz,Radhames",BAL,rhp,0.129
"Manning,Charlie",STL,lhp,0.129
"O'Day,Darren",NYM,rhp,0.128
"Sadler,Billy",SF,rhp,0.128
"Penn,Hayden",BAL,rhp,0.126
"Bruce,Jay",CIN,of,0.125
"Aviles,Mike",KCA,inf,0.123
"Headley,Chase",SD,3b,0.123
"Bulger,Jason",LAA,rhp,0.122
"Ziegler,Brad",OAK,rhp,0.122
"Morgan,Nyjer",PIT,of,0.120
"Rapada,Clay",DET,lhp,0.120
"Stetter,Mitch",MIL,lhp,0.120
"Smith,Seth",COL,of,0.119
"Troncoso,Ramon",LAD,rhp,0.119
"Vanden Hurk,Rick",FLA,rhp,0.118
"Joyce,Matt",TB,of,0.116
"Wood,Brandon",LAA,ss,0.116
"Thatcher,Joe",SD,lhp,0.114
"Duran,German",TEX,inf,0.113
"Lowrie,Jed",BOS,2b,0.111
"Span,Denard",MIN,of,0.111
"Gonzalez,Carlos",COL,of,0.109
"Hart,Kevin",CHC,rhp,0.109
"Hurley,Eric",TEX,rhp,0.109
"Kennedy,Ian",NYY,rhp,0.108
"Masterson,Justin",BOS,rhp,0.108
"Rodriguez,Sean",LAA,ss,0.107
"Meyer,Dan",FLA,lhp,0.106
"Jackson,Zach",CLE,lhp,0.105
"Kershaw,Clayton",LAD,lhp,0.105
"Blevins,Jerry",OAK,lhp,0.103
"Morton,Charlie",ATL,rhp,0.103
"Rosales,Leo",ARZ,rhp,0.103
"Buckner,Billy",ARZ,rhp,0.101
"Shell,Steven",WAS,rhp,0.099
"Mather,Joe",STL,of,0.098
"Muniz,Carlos",NYM,rhp,0.097
"Romo,Sergio",SF,rhp,0.097
"Ruggiano,Justin",TB,of,0.097
"Russell,Adam",CWS,rhp,0.097
"Sanchez,Romulo",PIT,rhp,0.097
"Evans,Nick",NYM,of,0.096
"Davis,Chris",TEX,3b,0.095
"Clevlen,Brent",DET,of,0.093
"Madrigal,Warner",TEX,rhp,0.093
"Robertson,David",NYY,rhp,0.093
"Pearce,Steve",PIT,1b-of,0.091
"Balester,Collin",WAS,rhp,0.090
"Hundley,Nick",SD,c,0.088
"Salazar,Oscar",BAL,1b,0.088
"Patterson,Eric",OAK,2b,0.087
"Bailey,Homer",CIN,rhp,0.086
"Volstad,Chris",FLA,rhp,0.085
"Humber,Philip",MIN,rhp,0.084
"Pauley,David",BAL,rhp,0.084
"Robertson,Connor",NYM,rhp,0.084
"Baker,John",FLA,c,0.083
"Harrison,Matt",TEX,lhp,0.083
"Sammons,Clint",ATL,c,0.083
"Bixler,Brian",PIT,inf,0.081
"Garcia,Jaime",STL,lhp,0.081
"Reynolds,Greg",COL,rhp,0.080
"Maier,Mitch",KCA,of,0.079
"Scherzer,Max",ARZ,rhp,0.079
"Schierholtz,Nate",SF,of,0.078
"Hanigan,Ryan",CIN,c,0.077
"Anderson,Josh",ATL,of,0.076
"Jones,Brandon",ATL,of,0.076
"Morales,Franklin",COL,lhp,0.076
"Koshansky,Joe",TEX,inf,0.075
"DiFelice,Mark",MIL,rhp,0.073
"LaHair,Bryan",SEA,of,0.073
"Barden,Brian",STL,3b,0.072
"Gardner,Brett",NYY,of,0.072
"Hansack,Devern",BOS,rhp,0.072
"Larish,Jeff",DET,1b,0.072
"Thomas,Clete",DET,of,0.072
"Arias,Alberto",HOU,rhp,0.070
"Matos,Osiris",SF,rhp,0.070
"Fulchino,Jeff",HOU,rhp,0.069
"Purcey,David",TOR,lhp,0.069
"Ascanio,Jose",CHC,rhp,0.066
"Mock,Garrett",WAS,rhp,0.066
"Samardzija,Jeff",CHC,rhp,0.066
"Broadway,Lance",CWS,rhp,0.065
"Ishikawa,Travis",SF,1b,0.065
"Hoffpauir,Micah",CHC,inf,0.064
"Janish,Paul",CIN,ss,0.064
"Lillibridge,Brent",CWS,inf,0.063
"Richmond,Scott",TOR,rhp,0.063
"Korecky,Bobby",ARZ,rhp,0.062
"Diamond,Thomas",TEX,rhp,0.061
"Tucker,Ryan",FLA,rhp,0.061
"Maybin,Cameron",FLA,of,0.060
"Richard,Clayton",CWS,lhp,0.060
"Brown,Matt",LAA,inf,0.058
"Hulett,Tug",KCA,inf,0.058
"Murphy,Dan",NYM,inf-of,0.058
"Dillard,Tim",MIL,rhp,0.057
"Johnson,Rob",SEA,c,0.057
"Macri,Matt",MIN,inf,0.057
"Meloan,Jonathan",CLE,rhp,0.057
"Montanez,Luis",BAL,of,0.055
"Petit,Gregorio",OAK,inf,0.055
"Waters,Chris",BAL,lhp,0.055
"Gonzalez,Gio",OAK,lhp,0.054
"Maxwell,Justin",WAS,of,0.054
"Stavinoha,Nick",STL,of,0.053
"Denker,Travis",SD,2b,0.052
"Ridgway,Jeff",ATL,lhp,0.052
"De La Cruz,Eulogio",SD,rhp,0.051
"Ramirez,Max",TEX,c,0.051
"Dickerson,Chris",CIN,of,0.048
"Pennington,Cliff",OAK,inf,0.048
"Happ,J.A.",PHI,lhp,0.047
"Rohlinger,Ryan",SF,inf,0.047
"Sandoval,Pablo",SF,c-inf,0.047
"Meek,Evan",PIT,rhp,0.046
"Clippard,Tyler",WAS,rhp,0.045
"Getz,Chris",CWS,2b,0.043
"Bernadina,Roger",WAS,of,0.041
"Bocock,Brian",SF,inf,0.041
"Estrada,Marco",WAS,rhp,0.041
"McCrory,Bob",BAL,rhp,0.040
"Mickolio,Kam",BAL,rhp,0.040
"Morillo,Juan",COL,rhp,0.040
"Boggs,Mitchell",STL,rhp,0.039
"Rosales,Adam",CIN,inf,0.039
"Thompson,Rich",LAA,rhp,0.039
"Nix,Jayson",CWS,inf,0.038
"Rosa,Carlos",KCA,rhp,0.038
"Wells,Randy",CHC,rhp,0.038
"Patton,Troy",BAL,lhp,0.037
"Gutierrez,Juan",ARZ,rhp,0.035
"Lambert,Chris",DET,rhp,0.034
"Register,Steven",COL,rhp,0.034
"Vasquez,Virgil",PIT,rhp,0.034
"Chavez,Jesse",PIT,rhp,0.033
"Aceves,Alfredo",NYY,rhp,0.032
"Diaz,Robinzon",PIT,c,0.032
"Teagarden,Taylor",TEX,c,0.032
"Elbert,Scott",LAD,lhp,0.031
"Geer,Josh",SD,rhp,0.031
"Hollimon,Michael",DET,2b-ss,0.031
"Price,David",TB,lhp,0.031
"Snider,Travis",TOR,of,0.031
"Valbuena,Luis",CLE,inf,0.031
"Venable,Will",SD,of,0.031
"Cunningham,Aaron",OAK,of,0.030
"Murphy,Bill",TOR,lhp,0.030
"Macias,Drew",SD,of,0.029
"Ramirez,Ramon A.",CIN,rhp,0.029
"Antonelli,Matt",SD,inf,0.028
"Castillo,Wilkin",CIN,c,0.028
"Coke,Phil",NYY,lhp,0.028
"Escobar,Alcides",MIL,ss,0.028
"Gamel,Mat",MIL,3b,0.028
"Golson,Greg",TEX,cf,0.028
"Herrera,Danny",CIN,lhp,0.028
"Hinckley,Mike",WAS,lhp,0.028
"Johnson,Elliot",TB,2b,0.028
"LeBlanc,Wade",SD,lhp,0.028
"Marson,Lou",PHI,c,0.028
"Martis,Shairon",WAS,rhp,0.028
"McDonald,James",LAD,rhp,0.028
"McGehee,Casey",MIL,inf,0.028
"Miller,Jim",BAL,rhp,0.028
"Nelson,Brad",MIL,1b,0.028
"Niese,Jon",NYM,lhp,0.028
"Parnell,Bobby",NYM,rhp,0.028
"Perez,Fernando",TB,of,0.028
"Salome,Angel",MIL,c,0.028
"Thomas,Justin",SEA,lhp,0.028
"Cruz,Luis",PIT,inf,0.027
"Davidson,David",PIT,lhp,0.027
"Detwiler,Ross",WAS,lhp,0.027
"Fowler,Dexter",COL,of,0.027
"Fuld,Sam",CHC,of,0.027
"Jaso,John",TB,c,0.027
"Lowery,Devon",KCA,rhp,0.027
"Maysonset,Edwin",HOU,inf,0.027
"Motte,Jason",STL,rhp,0.027
"Outman,Josh",OAK,lhp,0.027
"Parr,James",ATL,rhp,0.027
"Pridie,Jason",MIN,of,0.027
"Rundles,Rich",CLE,lhp,0.027
"Ryan,Dusty",DET,c,0.027
"Tuiasosopo,Matt",SEA,3b,0.027
"Whitesell,Josh",ARZ,1b,0.027
"Ellis,A.J.",LAD,c,0.026
"Evans,Terry",LAA,of,0.026
"Montz,Luke",WAS,c,0.026
"Ka'aihue,Kila",KCA,1b,0.025
"Van Every,Jonathan",BOS,of,0.025
"Carter,Chris",BOS,1b-of,0.024
"Gray,Jeff",OAK,rhp,0.024
"Mijares,Jose",MIN,lhp,0.024
"Morales,Jose",MIN,c,0.024
"Simon,Alfredo",BAL,rhp,0.024
"Wilson,Bobby",LAA,c,0.024
"Eckstrom,Mike",SD,rhp,0.023
"Gillaspie,Conor",SF,3b,0.023
"Jepsen,Kevin",LAA,rhp,0.022
"Lewis,Scott",CLE,lhp,0.022
"Niemann,Jeff",TB,rhp,0.022
"Kottaras,George",BOS,c,0.021
"Sandoval,Freddy",LAA,inf,0.021
"Wright,Chase",MIL,lhp,0.021
"Baisley,Jeff",OAK,inf,0.020
"Fox,Jake",CHC,of-c,0.020
"Harman,Brad",PHI,2b-ss,0.020
"Iribarren,Hernan",MIL,2b,0.020
"Roenicke,Josh",CIN,rhp,0.020
"Alonso,Yonder",CIN,1b,0.018
"Delgado,Jesus",SEA,rhp,0.017
"Garcia,Anderson",SEA,rhp,0.016
"Hunter,Tommy",TEX,rhp,0.016
"Talbot,Mitch",TB,rhp,0.016
"Borbon,Julio",TEX,of,0.015
"Kunz,Eddie",NYM,rhp,0.015
"Cervelli,Francisco",NYY,c,0.014
"Worrell,Mark",SD,rhp,0.014
"Porcello,Rick",DET,rhp,0.013
"Sanchez,Gaby",FLA,1b-c,0.013
"Thompson,Daryl",CIN,rhp,0.013
"Adenhart,Nick",LAA,rhp,0.012
"Miranda,Juan",NYY,1b,0.012
"Barthmaier,Jimmy",PIT,rhp,0.010
"Brignac,Reid",TB,ss,0.010
"Swindle,R.J.",MIL,lhp,0.009
"Bisenius,Joe",PHI,rhp,0.007
"Bowden,Michael",BOS,rhp,0.001
"Carpenter,Drew",PHI,rhp,0.001
"Miller,Jai",FLA,of,0.001
"Aguilar,Omar",MIL,rhp,0.000
"Allen,Brandon",CWS,inf,0.000
"Alvarez,Pedro",PIT,3b,0.000
"Armstrong,Cole",CWS,c,0.000
"Atilano,Luis",WAS,rhp,0.000
"Atkins,Mitch",CHC,rhp,0.000
"Bannister,John",TEX,rhp,0.000
"Barrera,Harry",KCA,rhp,0.000
"Berg,Justin",CHC,rhp,0.000
"Bergesen,Brad",BAL,rhp,0.000
"Bogusevic,Brian",HOU,of,0.000
"Brown,Dusty",BOS,c,0.000
"Bush,Matt",TOR,rhp (ss),0.000
"Butera,Drew",MIN,c,0.000
"Cabrera,Everth",SD,inf,0.000
"Carp,Mike",SEA,1b,0.000
"Carrasco,Carlos",PHI,rhp,0.000
"Carrillo,Cesar",SD,rhp,0.000
"Ciriaco,Pedro",ARZ,ss,0.000
"Claggett,Anthony",NYY,rhp,0.000
"Copeland,Ben",OAK,of,0.000
"Corona,Reegie",SEA,inf,0.000
"Crowe,Trevor",CLE,of,0.000
"Davis,Leonard",WAS,of,0.000
"Davis,Wade",TB,rhp,0.000
"De La Rosa,Wilkin",NYY,lhp,0.000
"De la Vara,Gil",HOU,lhp,0.000
"Deduno,Samuel",COL,rhp,0.000
"Desmond,Ian",WAS,ss,0.000
"Diaz,Argenis",BOS,ss,0.000
"Doubront,Felix",BOS,lhp,0.000
"Duensing,Brian",MIN,lhp,0.000
"Dunn,Michael",NYY,lhp,0.000
"Durango,Luis",SD,of,0.000
"Egbert,Jack",CWS,rhp,0.000
"English,Jesse",SF,lhp,0.000
"Escalona,Sergio",PHI,lhp,0.000
"Figaro,Alfredo",DET,rhp,0.000
"Fisher,Carlos",CIN,rhp,0.000
"Francisco,Juan",CIN,3b,0.000
"Frieri,Ernesto",SD,rhp,0.000
"Gabino,Armando",MIN,rhp,0.000
"Garate,Victor",LAD,lhp,0.000
"Garcia,Christian",NYY,rhp,0.000
"Gervacio,Sam",HOU,rhp,0.000
"Gimenez,Chris",CLE,c,0.000
"Gomez,Hector",COL,ss,0.000
"Gonzalez,Miguel",BOS,rhp,0.000
"Green,Nick",MIL,rhp,0.000
"Greene,Tyler",STL,ss,0.000
"Hacker,Eric",NYY,rhp,0.000
"Halman,Greg",SEA,of,0.000
"Harrell,Lucas",CWS,rhp,0.000
"Hawksworth,Blake",STL,rhp,0.000
"Hayes,Brett",FLA,c,0.000
"Hernandez,David",BAL,rhp,0.000
"Hernandez,Diory",ATL,inf,0.000
"Hernandez,Gaby",SEA,rhp,0.000
"Herrera,Javier",OAK,of,0.000
"Hoffmann,Jamie",LAD,of,0.000
"Hoffpauir,Jarrett",STL,inf,0.000
"Houser,James",TB,lhp,0.000
"Hughes,Luke",MIN,inf,0.000
"Jackson,Steven",NYY,rhp,0.000
"James,Brad",HOU,rhp,0.000
"Jaramillo,Jason",PIT,c,0.000
"Joaquin,Waldis",SF,lhp,0.000
"Jones,Hunter",BOS,lhp,0.000
"Jones,Jason",MIN,rhp,0.000
"Kahn,Steven",SEA,rhp,0.000
"Kawakami,Kenshin",ATL,rhp,0.000
"Leach,Brent",LAD,lhp,0.000
"LeCure,Sam",CIN,rhp,0.000
"Leroux,Christopher",FLA,rhp,0.000
"Lerud,Steve",PIT,c,0.000
"Lindsay,Shane",COL,rhp,0.000
"Link,Jon",CWS,rhp,0.000
"Lisson,Mario",KCA,inf,0.000
"Lobaton,Jose",SD,c,0.000
"Lopez,Wilton",SD,rhp,0.000
"Lugo,Jose",SEA,lhp,0.000
"Lumsden,Tyler",HOU,lhp,0.000
"Maloney,Matt",CIN,lhp,0.000
"Manuel,Robert",CIN,rhp,0.000
"Manzella,Tommy",HOU,ss,0.000
"Marek,Stephen",ATL,rhp,0.000
"Marquez,Jeff",CWS,rhp,0.000
"Marte,Jose",ARZ,rhp,0.000
"Martinez,Joseph",SF,rhp,0.000
"Mateo,Marcus",CHC,rhp,0.000
"Mattheus,Ryan",COL,rhp,0.000
"Matusz,Brian",BAL,lhp,0.000
"May,Lucas",LAD,c,0.000
"Mayberry Jr.,John",PHI,of,0.000
"McGee,Jake",TB,lhp,0.000
"Miller,Adam",CLE,rhp,0.000
"Miller,Greg",LAD,lhp,0.000
"Moscoso,Guillermo",TEX,rhp,0.000
"Mosebach,Bobby",PHI,rhp,0.000
"Naughton,Joel",PHI,c,0.000
"Naylor,Drew",PHI,rhp,0.000
"Nelson,Chris",COL,ss,0.000
"Nestor,Scott",PHI,rhp,0.000
"Newby,Kyler",ARZ,rhp,0.000
"Nova,Ivan",SD,rhp,0.000
"Nunez,Jhonny",CWS,rhp,0.000
"Ortega,Anthony",LAA,rhp,0.000
"Palmisano,Lou",HOU,c,0.000
"Patton,David",CHC,rhp,0.000
"Paul,Xavier",LAD,of,0.000
"Pena,Luis",SEA,rhp,0.000
"Perdomo,Luis",SF,rhp,0.000
"Perez,Luis",TOR,lhp,0.000
"Perez,Wilfrido",BAL,lhp,0.000
"Periard,Alex",MIL,rhp,0.000
"Picardo,Kelvin",SF,rhp,0.000
"Pimentel,Julio",KCA,rhp,0.000
"Plouffe,Trevor",MIN,ss,0.000
"Poveda,Omar",TEX,rhp,0.000
"Powell,Landon",OAK,c,0.000
"Quezada,Jackson",SD,rhp,0.000
"Ramirez,Wilkin",DET,of,0.000
"Ramirez,Yordany",HOU,of,0.000
"Ramos,Cesar",SD,lhp,0.000
"Ramos,Wilson",MIN,c,0.000
"Ray,Robert",TOR,rhp,0.000
"Redmond,Todd",ATL,rhp,0.000
"Reimold,Nolan",BAL,of,0.000
"Robnett,Rich",CHC,of,0.000
"Rodriguez,Henry",OAK,rhp,0.000
"Rodriguez,Rafael",LAA,rhp,0.000
"Rogers,Esmil",COL,rhp,0.000
"Rogers,Mark",MIL,rhp,0.000
"Romero,Deibinson",MIN,inf,0.000
"Romero,Ricky",TOR,lhp,0.000
"Rondon,Hector",CLE,rhp,0.000
"Santana,Carlos",CLE,c,0.000
"Santeliz,Clevelan",CWS,rhp,0.000
"Santos,Reid",TOR,lhp,0.000
"Scarpetta,Cody",MIL,rhp,0.000
"Scherer,Matt",STL,rhp,0.000
"Septimo,Leyson",ARZ,lhp,0.000
"Simons,Zach",DET,rhp,0.000
"Sipp,Tony",CLE,lhp,0.000
"Skelton,James",ARZ,c,0.000
"Sosa,Henry",SF,rhp,0.000
"Spoone,Chorye",BAL,rhp,0.000
"Stevens,Jeff",CHC,rhp,0.000
"Sues,Jeff",PIT,rhp,0.000
"Sutton,Drew",HOU,inf,0.000
"Swarzak,Anthony",MIN,rhp,0.000
"Tabata,Jose",PIT,of,0.000
"Tatum,Craig",CIN,c,0.000
"Tawaza,Junichi",BOS,rhp,0.000
"Thayer,Dale",TB,rhp,0.000
"Tolleson,Steven",MIN,inf,0.000
"Toregas,Wyatt",CLE,c,0.000
"Trahern,Dallas",FLA,rhp,0.000
"Trinidad,Polin",HOU,lhp,0.000
"Trumbo,Mark",LAA,1b,0.000
"Uehara,Koji",BAL,rhp,0.000
"Uviedo,Ronald",PIT,rhp,0.000
"Valdez,Cesar",ARZ,rhp,0.000
"Valdez,Luis",ATL,rhp,0.000
"Vallejo,Jose",TEX,inf,0.000
"Vasquez,Esmerling",ARZ,rhp,0.000
"Veal,Donald",PIT,lhp,0.000
"Vega,Marwin",SEA,rhp,0.000
"Viciedo,Dayan",CWS,3b,0.000
"Wagner,Mark",BOS,c,0.000
"Walker,Neil",PIT,inf,0.000
"Webb,Ryan",OAK,rhp,0.000
"Wells,Casper",DET,of,0.000
"Wood,Tim",FLA,rhp,0.000
"Young Jr.,Eric",COL,inf,0.000
"Young,Terrell",WAS,rhp,0.000
"Zavada,Clay",ARZ,lhp,0.000